발표일,시간,발표,예측,이전
2022년 07월 13일 (6월),21:30,,291.66,292.3
2022년 06월 10일 (5월),21:30,292.3,291.66,289.11
2022년 05월 11일 (4월),21:30,289.11,288.65,287.5
2022년 04월 12일 (3월),21:30,287.5,287.41,283.72
2022년 03월 10일 (2월),22:30,283.72,283.66,281.15
2022년 02월 10일 (1월),22:30,281.15,280.39,278.8
2022년 01월 12일 (12월),22:30,278.8,278.74,277.95
2021년 12월 10일 (11월),22:30,277.95,278.11,276.59
2021년 11월 10일 (10월),22:30,276.59,275.76,274.31
2021년 10월 13일 (9월),21:30,274.31,274.14,273.57
2021년 09월 14일 (8월),21:30,273.57,273.79,273
2021년 08월 11일 (7월),21:30,273,272.87,271.7
2021년 07월 13일 (6월),21:30,271.7,270.64,269.2
2021년 06월 10일 (5월),21:30,269.2,268.47,267.05
2021년 05월 12일 (4월),21:30,267.05,265.58,264.88
2021년 04월 13일 (3월),21:30,264.88,264.69,263.01
2021년 03월 10일 (2월),22:30,263.01,263.08,261.58
2021년 02월 10일 (1월),22:30,261.58,261.79,260.47
2021년 01월 13일 (12월),22:30,260.47,260.43,260.23
2020년 12월 10일 (11월),22:30,260.23,260.11,260.39
2020년 11월 12일 (10월),22:30,260.39,260.49,260.28
2020년 10월 13일 (9월),21:30,260.28,260.35,259.92
2020년 09월 11일 (8월),21:30,259.92,259.52,259.1
2020년 08월 12일 (7월),21:30,259.1,258.51,257.8
2020년 07월 14일 (6월),21:30,257.8,257.73,256.39
2020년 06월 10일 (5월),21:30,256.39,256.84,256.39
2020년 05월 12일 (4월),21:30,256.39,256.45,258.12
2020년 04월 10일 (3월),21:30,258.12,258.2,258.68
2020년 03월 11일 (2월),21:30,258.68,258.54,257.97
2020년 02월 13일 (1월),22:30,257.97,257.86,256.97
2020년 01월 14일 (12월),22:30,256.97,257.17,257.21
2019년 12월 11일 (11월),22:30,257.21,257.22,257.35
2019년 11월 13일 (10월),22:30,257.35,257.23,256.76
2019년 10월 10일 (9월),21:30,256.76,256.86,256.56
2019년 09월 12일 (8월),21:30,256.56,256.58,256.57
2019년 08월 13일 (7월),21:30,256.57,256.44,256.14
2019년 07월 11일 (6월),21:30,256.14,256.08,256.09
2019년 06월 12일 (5월),21:30,256.09,256.2,255.55
2019년 05월 10일 (4월),21:30,255.55,255.82,254.2
2019년 04월 10일 (3월),21:30,254.2,254.12,252.78
2019년 03월 12일 (2월),21:30,252.78,252.86,251.71
2019년 02월 13일 (1월),22:30,251.71,251.52,251.23
2019년 01월 11일 (12월),22:30,251.23,251.1,252.04
2018년 12월 12일 (11월),22:30,252.04,252.06,252.89
2018년 11월 14일 (10월),22:30,252.89,252.8,252.44
2018년 10월 11일 (9월),21:30,252.44,252.69,252.15
2018년 09월 13일 (8월),21:30,252.15,252.4,252.01
2018년 08월 10일 (7월),21:30,252.01,251.98,251.99
2018년 07월 12일 (6월),21:30,251.99,252,251.59
2018년 06월 12일 (5월),21:30,251.59,251.56,250.55
2018년 05월 10일 (4월),21:30,250.55,250.68,249.55
2018년 04월 11일 (3월),21:30,249.55,249.58,248.99
2018년 03월 13일 (2월),21:30,248.99,248.94,247.87
2018년 02월 14일 (1월),22:30,247.87,247.6,246.52
2018년 01월 12일 (12월),22:30,246.52,246.38,246.67
2017년 12월 13일 (11월),22:30,246.67,246.81,246.66
2017년 11월 15일 (10월),22:30,246.66,246.66,246.82
2017년 10월 13일 (9월),21:30,246.82,246.94,245.52
2017년 09월 14일 (8월),21:30,245.52,245.34,244.79
2017년 08월 11일 (7월),21:30,244.79,244.9,244.96
2017년 07월 14일 (6월),21:30,244.96,245.1,244.73
2017년 06월 14일 (5월),21:30,244.73,244.91,244.52
2017년 05월 12일 (4월),21:30,244.52,244.6,243.8
2017년 04월 14일 (3월),21:30,243.8,244.31,243.6
2017년 03월 15일 (2월),21:30,243.6,243.28,242.84
2017년 02월 15일 (1월),22:30,242.84,242.47,241.43
2017년 01월 18일 (12월),22:30,241.43,241.71,241.35
2016년 12월 15일 (11월),22:30,241.35,241.39,241.73
2016년 11월 17일 (10월),22:30,241.73,241.79,241.43
2016년 10월 18일 (9월),21:30,241.43,241.51,240.85
2016년 09월 16일 (8월),21:30,240.85,240.68,240.65
2016년 08월 16일 (7월),21:30,240.65,240.83,241.04
2016년 07월 15일 (6월),21:30,241.04,241.09,240.24
2016년 06월 16일 (5월),21:30,240.24,240.36,239.26
2016년 05월 17일 (4월),21:30,239.26,239.11,238.13
2016년 04월 14일 (3월),21:30,238.13,238.55,237.11
2016년 03월 16일 (2월),21:30,237.11,236.9,236.92
2016년 02월 19일 (1월),22:30,236.92,236.61,236.53
2016년 01월 20일 (12월),22:30,236.53,236.69,237.34
2015년 12월 15일 (11월),22:30,237.34,237.21,237.84
2015년 11월 17일 (10월),22:30,237.84,237.84,237.95
2015년 10월 15일 (9월),21:30,237.95,237.8,238.32
2015년 09월 16일 (8월),21:30,238.32,238.43,238.65
2015년 08월 19일 (7월),21:30,238.65,238.7,238.64
2015년 07월 17일 (6월),21:30,238.64,238.67,237.81
2015년 06월 18일 (5월),21:30,237.81,238.04,236.6
2015년 05월 22일 (4월),21:30,236.6,236.71,236.12
2015년 04월 17일 (3월),21:30,236.12,236.17,234.72
2015년 03월 24일 (2월),21:30,234.72,234.6,233.71
2015년 02월 26일 (1월),22:30,233.71,233.7,234.81
2015년 01월 16일 (12월),22:30,234.81,234.7,236.15
2014년 12월 17일 (11월),22:30,236.15,236.58,237.43
2014년 11월 20일 (10월),22:30,237.43,239.3,238.03
2014년 10월 22일 (9월),21:30,238.03,237.97,237.85
2014년 09월 17일,21:30,237.85,238.26,238.25
2014년 08월 01일 (7월),18:00,238.25,,238.34
2014년 07월 01일 (6월),18:00,238.34,,237.9
2014년 06월 01일 (5월),18:00,237.9,,237.07
2014년 05월 01일 (4월),18:00,237.07,,236.29
2014년 04월 01일 (3월),18:00,236.29,,234.78
2014년 03월 01일 (2월),18:00,234.78,,233.92
2014년 02월 01일 (1월),18:00,233.92,,233.05
2014년 01월 01일 (12월),18:00,233.05,,233.07
2013년 12월 01일 (11월),18:00,233.07,,233.55
2013년 11월 01일 (10월),18:00,233.55,,234.15
2013년 10월 01일 (9월),18:00,234.15,,233.88
2013년 09월 01일 (8월),18:00,233.88,,233.6
2013년 08월 01일 (7월),18:00,233.6,,233.5
2013년 07월 01일 (6월),18:00,233.5,,232.94
2013년 06월 01일 (5월),18:00,232.94,,232.53
2013년 05월 01일 (4월),18:00,232.53,,232.77
2013년 04월 01일 (3월),18:00,232.77,,232.17
2013년 03월 01일 (2월),18:00,232.17,,230.28
2013년 02월 01일 (1월),18:00,230.28,,229.6
2013년 01월 01일 (12월),18:00,229.6,,230.22
2012년 12월 01일 (11월),18:00,230.22,,231.32
2012년 11월 01일 (10월),18:00,231.32,,231.41
2012년 10월 01일 (9월),18:00,231.41,,230.38
2012년 09월 01일 (8월),18:00,230.38,,229.1
2012년 08월 01일 (7월),18:00,229.1,,229.48
2012년 07월 01일 (6월),18:00,229.48,,229.82
2012년 06월 01일 (5월),18:00,229.82,,230.08
2012년 05월 01일 (4월),18:00,230.08,,229.39
2012년 04월 01일 (3월),18:00,229.39,,227.66
2012년 03월 01일 (2월),18:00,227.66,,226.66
2012년 02월 01일 (1월),18:00,226.66,,225.67
2012년 01월 01일 (12월),18:00,225.67,,226.23
2011년 12월 01일 (11월),18:00,226.23,,226.42
2011년 11월 01일 (10월),18:00,226.42,,226.89
2011년 10월 01일 (9월),18:00,226.89,,226.54
2011년 09월 01일 (8월),18:00,226.54,,225.92
2011년 08월 01일 (7월),18:00,225.92,,225.72
2011년 07월 01일 (6월),18:00,225.72,,225.96
2011년 06월 01일 (5월),18:00,225.96,,224.91
2011년 05월 01일 (4월),18:00,224.91,,223.47
2011년 04월 01일 (3월),18:00,223.47,,221.31
2011년 03월 01일 (2월),18:00,221.31,,220.22
2011년 02월 01일 (1월),18:00,220.22,,219.18
2011년 01월 01일 (12월),18:00,219.18,,218.8
2010년 12월 01일 (11월),18:00,218.8,,218.71
2010년 11월 01일 (10월),18:00,218.71,,218.44
2010년 10월 01일 (9월),18:00,218.44,,218.31
2010년 09월 01일 (8월),18:00,218.31,,218.01
2010년 08월 01일 (7월),18:00,218.01,,217.96
2010년 07월 01일 (6월),18:00,217.96,,218.18
2010년 06월 01일 (5월),18:00,218.18,,218.01
2010년 05월 01일 (4월),18:00,218.01,,217.63
2010년 04월 01일 (3월),18:00,217.63,,216.74
2010년 03월 01일 (2월),18:00,216.74,,216.69
2010년 02월 01일 (1월),18:00,216.69,,215.95
2010년 01월 01일 (12월),18:00,215.95,,216.33
2009년 12월 01일 (11월),18:00,216.33,,216.18
2009년 11월 01일 (10월),18:00,216.18,,215.97
2009년 10월 01일 (9월),18:00,215.97,,215.83
2009년 09월 01일 (8월),18:00,215.83,,215.35
2009년 08월 01일 (7월),18:00,215.35,,215.69
2009년 07월 01일 (6월),18:00,215.69,,213.86
2009년 06월 01일 (5월),18:00,213.86,,213.24
2009년 05월 01일 (4월),18:00,213.24,,212.71
2009년 04월 01일 (3월),18:00,212.71,,212.19
2009년 03월 01일 (2월),18:00,212.19,,211.14
2009년 02월 01일 (1월),18:00,211.14,,210.23
2009년 01월 01일 (12월),18:00,210.23,,212.42
2008년 12월 01일 (11월),18:00,212.42,,216.57
2008년 11월 01일 (10월),18:00,216.57,,218.78
2008년 10월 01일 (9월),18:00,218.78,,219.09
2008년 09월 01일 (8월),18:00,219.09,,219.96
2008년 08월 01일 (7월),18:00,219.96,,218.82
2008년 07월 01일 (6월),18:00,218.82,,216.63
2008년 06월 01일 (5월),18:00,216.63,,214.82
2008년 05월 01일 (4월),18:00,214.82,,213.53
2008년 04월 01일 (3월),18:00,213.53,,211.69
2008년 03월 01일 (2월),18:00,211.69,,211.08
2008년 02월 01일 (1월),18:00,211.08,,210.04
2008년 01월 01일 (12월),18:00,210.04,,210.18
2007년 12월 01일 (11월),18:00,210.18,,208.94
2007년 11월 01일 (10월),18:00,208.94,,208.49
2007년 10월 01일 (9월),18:00,208.49,,207.92
2007년 09월 01일 (8월),18:00,207.92,,208.3
2007년 08월 01일 (7월),18:00,208.3,,208.35
2007년 07월 01일 (6월),18:00,208.35,,207.95
2007년 06월 01일 (5월),18:00,207.95,,206.69
2007년 05월 01일 (4월),18:00,206.69,,205.35
2007년 04월 01일 (3월),18:00,205.35,,203.5
2007년 03월 01일 (2월),18:00,203.5,,202.42
2007년 02월 01일 (1월),18:00,202.42,,201.8
2007년 01월 01일 (12월),18:00,201.8,,201.5
2006년 12월 01일 (11월),18:00,201.5,,201.8
2006년 11월 01일 (10월),18:00,201.8,,202.9
2006년 10월 01일 (9월),18:00,202.9,,203.9
2006년 09월 01일 (8월),18:00,203.9,,203.5
2006년 08월 01일 (7월),18:00,203.5,,202.9
2006년 07월 01일 (6월),18:00,202.9,,202.5
2006년 06월 01일 (5월),18:00,202.5,,201.5
2006년 05월 01일 (4월),18:00,201.5,,199.8
2006년 04월 01일 (3월),18:00,199.8,,198.7
2006년 03월 01일 (2월),18:00,198.7,,198.3
2006년 02월 01일 (1월),18:00,198.3,,196.8
2006년 01월 01일 (12월),18:00,196.8,,197.6
2005년 12월 01일 (11월),18:00,197.6,,199.2
2005년 11월 01일 (10월),18:00,199.2,,198.8
2005년 10월 01일 (9월),18:00,198.8,,196.4
2005년 09월 01일 (8월),18:00,196.4,,195.4
2005년 08월 01일 (7월),18:00,195.4,,194.5
2005년 07월 01일 (6월),18:00,194.5,,194.4
2005년 06월 01일 (5월),18:00,194.4,,194.6
2005년 05월 01일 (4월),18:00,194.6,,193.3
2005년 04월 01일 (3월),18:00,193.3,,191.8
2005년 03월 01일 (2월),18:00,191.8,,190.7
2005년 02월 01일 (1월),18:00,190.7,,190.3
2005년 01월 01일 (12월),18:00,190.3,,191
2004년 12월 01일 (11월),18:00,191,,190.9
2004년 11월 01일 (10월),18:00,190.9,,189.9
2004년 10월 01일 (9월),18:00,189.9,,189.5
2004년 09월 01일 (8월),18:00,189.5,,189.4
2004년 08월 01일 (7월),18:00,189.4,,189.7
2004년 07월 01일 (6월),18:00,189.7,,189.1
2004년 06월 01일 (5월),18:00,189.1,,188
2004년 05월 01일 (4월),18:00,188,,187.4
2004년 04월 01일 (3월),18:00,187.4,,186.2
2004년 03월 01일 (2월),18:00,186.2,,185.2
2004년 02월 01일 (1월),18:00,185.2,,184.3
2004년 01월 01일 (12월),18:00,184.3,,184.5
2003년 12월 01일 (11월),18:00,184.5,,185
2003년 11월 01일 (10월),18:00,185,,185.2
2003년 10월 01일 (9월),18:00,185.2,,184.6
2003년 09월 01일 (8월),18:00,184.6,,183.9
2003년 08월 01일 (7월),18:00,183.9,,183.7
2003년 07월 01일 (6월),18:00,183.7,,183.5
2003년 06월 01일 (5월),18:00,183.5,,183.8
2003년 05월 01일 (4월),18:00,183.8,,184.2
2003년 04월 01일 (3월),18:00,184.2,,183.1
2003년 03월 01일 (2월),18:00,183.1,,181.7
2003년 02월 01일 (1월),18:00,181.7,,180.9
2003년 01월 01일 (12월),18:00,180.9,,181.3
2002년 12월 01일 (11월),18:00,181.3,,181.3
2002년 11월 01일 (10월),18:00,181.3,,181
2002년 10월 01일 (9월),18:00,181,,180.7
2002년 09월 01일 (8월),18:00,180.7,,180.1
2002년 08월 01일 (7월),18:00,180.1,,179.9
2002년 07월 01일 (6월),18:00,179.9,,179.8
2002년 06월 01일 (5월),18:00,179.8,,179.8
2002년 05월 01일 (4월),18:00,179.8,,178.8
2002년 04월 01일 (3월),18:00,178.8,,177.8
2002년 03월 01일 (2월),18:00,177.8,,177.1
2002년 02월 01일 (1월),18:00,177.1,,176.7
2002년 01월 01일 (12월),18:00,176.7,,177.4
2001년 12월 01일 (11월),18:00,177.4,,177.7
2001년 11월 01일 (10월),18:00,177.7,,178.3
2001년 10월 01일 (9월),18:00,178.3,,177.5
2001년 09월 01일 (8월),18:00,177.5,,177.5
2001년 08월 01일 (7월),18:00,177.5,,178
2001년 07월 01일 (6월),18:00,178,,177.7
2001년 06월 01일 (5월),18:00,177.7,,176.9
2001년 05월 01일 (4월),18:00,176.9,,176.2
2001년 04월 01일 (3월),18:00,176.2,,175.8
2001년 03월 01일 (2월),18:00,175.8,,175.1
2001년 02월 01일 (1월),18:00,175.1,,174
2001년 01월 01일 (12월),18:00,174,,174.1
2000년 12월 01일 (11월),18:00,174.1,,174
2000년 11월 01일 (10월),18:00,174,,173.7
2000년 10월 01일 (9월),18:00,173.7,,172.8
2000년 09월 01일 (8월),18:00,172.8,,172.8
2000년 08월 01일 (7월),18:00,172.8,,172.4
2000년 07월 01일 (6월),18:00,172.4,,171.5
2000년 06월 01일 (5월),18:00,171.5,,171.3
2000년 05월 01일 (4월),18:00,171.3,,171.2
2000년 04월 01일 (3월),18:00,171.2,,169.8
2000년 03월 01일 (2월),18:00,169.8,,168.8
2000년 02월 01일 (1월),18:00,168.8,,168.3
2000년 01월 01일 (12월),18:00,168.3,,168.3
1999년 12월 01일 (11월),18:00,168.3,,168.2
1999년 11월 01일 (10월),18:00,168.2,,167.9
1999년 10월 01일 (9월),18:00,167.9,,167.1
1999년 09월 01일 (8월),18:00,167.1,,166.7
1999년 08월 01일 (7월),18:00,166.7,,166.2
1999년 07월 01일 (6월),18:00,166.2,,166.2
1999년 06월 01일 (5월),18:00,166.2,,166.2
1999년 05월 01일 (4월),18:00,166.2,,165
1999년 04월 01일 (3월),18:00,165,,164.5
1999년 03월 01일 (2월),18:00,164.5,,164.3
1999년 02월 01일 (1월),18:00,164.3,,163.9
1999년 01월 01일 (12월),18:00,163.9,,164
1998년 12월 01일 (11월),18:00,164,,164
1998년 11월 01일 (10월),18:00,164,,163.6
1998년 10월 01일 (9월),18:00,163.6,,163.4
1998년 09월 01일 (8월),18:00,163.4,,163.2
1998년 08월 01일 (7월),18:00,163.2,,163
1998년 07월 01일 (6월),18:00,163,,162.8
1998년 06월 01일 (5월),18:00,162.8,,162.5
1998년 05월 01일 (4월),18:00,162.5,,162.2
1998년 04월 01일 (3월),18:00,162.2,,161.9
1998년 03월 01일 (2월),18:00,161.9,,161.6
1998년 02월 01일 (1월),18:00,161.6,,161.3
1998년 01월 01일 (12월),18:00,161.3,,161.5
1997년 12월 01일 (11월),18:00,161.5,,161.6
1997년 11월 01일 (10월),18:00,161.6,,161.2
1997년 10월 01일 (9월),18:00,161.2,,160.8
1997년 09월 01일 (8월),18:00,160.8,,160.5
1997년 08월 01일 (7월),18:00,160.5,,160.3
1997년 07월 01일 (6월),18:00,160.3,,160.1
1997년 06월 01일 (5월),18:00,160.1,,160.2
1997년 05월 01일 (4월),18:00,160.2,,160
1997년 04월 01일 (3월),18:00,160,,159.6
1997년 03월 01일 (2월),18:00,159.6,,159.1
1997년 02월 01일 (1월),18:00,159.1,,158.6
1997년 01월 01일 (12월),18:00,158.6,,158.6
1996년 12월 01일 (11월),18:00,158.6,,158.3
1996년 11월 01일 (10월),18:00,158.3,,157.8
1996년 10월 01일 (9월),18:00,157.8,,157.3
1996년 09월 01일 (8월),18:00,157.3,,157
1996년 08월 01일 (7월),18:00,157,,156.7
1996년 07월 01일 (6월),18:00,156.7,,156.6
1996년 06월 01일 (5월),18:00,156.6,,156.3
1996년 05월 01일 (4월),18:00,156.3,,155.7
1996년 04월 01일 (3월),18:00,155.7,,154.9
1996년 03월 01일 (2월),18:00,154.9,,154.4
1996년 02월 01일 (1월),18:00,154.4,,153.5
1996년 01월 01일 (12월),18:00,153.5,,153.6
1995년 12월 01일 (11월),18:00,153.6,,153.7
1995년 11월 01일 (10월),18:00,153.7,,153.2
1995년 10월 01일 (9월),18:00,153.2,,152.9
1995년 09월 01일 (8월),18:00,152.9,,152.5
1995년 08월 01일 (7월),18:00,152.5,,152.5
1995년 07월 01일 (6월),18:00,152.5,,152.2
1995년 06월 01일 (5월),18:00,152.2,,151.9
1995년 05월 01일 (4월),18:00,151.9,,151.4
1995년 04월 01일 (3월),18:00,151.4,,150.9
1995년 03월 01일 (2월),18:00,150.9,,150.3
1995년 02월 01일 (1월),18:00,150.3,,149.7
1995년 01월 01일 (12월),18:00,149.7,,149.7
1994년 12월 01일 (11월),18:00,149.7,,149.5
1994년 11월 01일 (10월),18:00,149.5,,149.4
1994년 10월 01일 (9월),18:00,149.4,,149
1994년 09월 01일 (8월),18:00,149,,148.4
1994년 08월 01일 (7월),18:00,148.4,,148
1994년 07월 01일 (6월),18:00,148,,147.5
1994년 06월 01일 (5월),18:00,147.5,,147.4
1994년 05월 01일 (4월),18:00,147.4,,147.2
1994년 04월 01일 (3월),18:00,147.2,,146.7
1994년 03월 01일 (2월),18:00,146.7,,146.2
1994년 02월 01일 (1월),18:00,146.2,,145.8
1994년 01월 01일 (12월),18:00,145.8,,145.8
1993년 12월 01일 (11월),18:00,145.8,,145.7
1993년 11월 01일 (10월),18:00,145.7,,145.1
1993년 10월 01일 (9월),18:00,145.1,,144.8
1993년 09월 01일 (8월),18:00,144.8,,144.4
1993년 08월 01일 (7월),18:00,144.4,,144.4
1993년 07월 01일 (6월),18:00,144.4,,144.2
1993년 06월 01일 (5월),18:00,144.2,,144
1993년 05월 01일 (4월),18:00,144,,143.6
1993년 04월 01일 (3월),18:00,143.6,,143.1
1993년 03월 01일 (2월),18:00,143.1,,142.6
1993년 02월 01일 (1월),18:00,142.6,,141.9
1993년 01월 01일 (12월),18:00,141.9,,142
1992년 12월 01일 (11월),18:00,142,,141.8
1992년 11월 01일 (10월),18:00,141.8,,141.3
1992년 10월 01일 (9월),18:00,141.3,,140.9
1992년 09월 01일 (8월),18:00,140.9,,140.5
1992년 08월 01일 (7월),18:00,140.5,,140.2
1992년 07월 01일 (6월),18:00,140.2,,139.7
1992년 06월 01일 (5월),18:00,139.7,,139.5
1992년 05월 01일 (4월),18:00,139.5,,139.3
1992년 04월 01일 (3월),18:00,139.3,,138.6
1992년 03월 01일 (2월),18:00,138.6,,138.1
1992년 02월 01일 (1월),18:00,138.1,,137.9
1992년 01월 01일 (12월),18:00,137.9,,137.8
1991년 12월 01일 (11월),18:00,137.8,,137.4
1991년 11월 01일 (10월),18:00,137.4,,137.2
1991년 10월 01일 (9월),18:00,137.2,,136.6
1991년 09월 01일 (8월),18:00,136.6,,136.2
1991년 08월 01일 (7월),18:00,136.2,,136
1991년 07월 01일 (6월),18:00,136,,135.6
1991년 06월 01일 (5월),18:00,135.6,,135.2
1991년 05월 01일 (4월),18:00,135.2,,135
1991년 04월 01일 (3월),18:00,135,,134.8
1991년 03월 01일 (2월),18:00,134.8,,134.6
1991년 02월 01일 (1월),18:00,134.6,,133.8
1991년 01월 01일 (12월),18:00,133.8,,133.8
1990년 12월 01일 (11월),18:00,133.8,,133.5
1990년 11월 01일 (10월),18:00,133.5,,132.7
1990년 10월 01일 (9월),18:00,132.7,,131.6
1990년 09월 01일 (8월),18:00,131.6,,130.4
1990년 08월 01일 (7월),18:00,130.4,,129.9
1990년 07월 01일 (6월),18:00,129.9,,129.2
1990년 06월 01일 (5월),18:00,129.2,,128.9
1990년 05월 01일 (4월),18:00,128.9,,128.7
1990년 04월 01일 (3월),18:00,128.7,,128
1990년 03월 01일 (2월),18:00,128,,127.4
1990년 02월 01일 (1월),18:00,127.4,,126.1
1990년 01월 01일 (12월),18:00,126.1,,125.9
1989년 12월 01일 (11월),18:00,125.9,,125.6
1989년 11월 01일 (10월),18:00,125.6,,125
1989년 10월 01일 (9월),18:00,125,,124.6
1989년 09월 01일 (8월),18:00,124.6,,124.4
1989년 08월 01일 (7월),18:00,124.4,,124.1
1989년 07월 01일 (6월),18:00,124.1,,123.8
1989년 06월 01일 (5월),18:00,123.8,,123.1
1989년 05월 01일 (4월),18:00,123.1,,122.3
1989년 04월 01일 (3월),18:00,122.3,,121.6
1989년 03월 01일 (2월),18:00,121.6,,121.1
1989년 02월 01일 (1월),18:00,121.1,,120.5
1989년 01월 01일 (12월),18:00,120.5,,120.3
1988년 12월 01일 (11월),18:00,120.3,,120.2
1988년 11월 01일 (10월),18:00,120.2,,119.8
1988년 10월 01일 (9월),18:00,119.8,,119
1988년 09월 01일 (8월),18:00,119,,118.5
1988년 08월 01일 (7월),18:00,118.5,,118
1988년 07월 01일 (6월),18:00,118,,117.5
1988년 06월 01일 (5월),18:00,117.5,,117.1
1988년 05월 01일 (4월),18:00,117.1,,116.5
1988년 04월 01일 (3월),18:00,116.5,,116
1988년 03월 01일 (2월),18:00,116,,115.7
1988년 02월 01일 (1월),18:00,115.7,,115.4
1988년 01월 01일 (12월),18:00,115.4,,115.4
1987년 12월 01일 (11월),18:00,115.4,,115.3
1987년 11월 01일 (10월),18:00,115.3,,115
1987년 10월 01일 (9월),18:00,115,,114.4
1987년 09월 01일 (8월),18:00,114.4,,113.8
1987년 08월 01일 (7월),18:00,113.8,,113.5
1987년 07월 01일 (6월),18:00,113.5,,113.1
1987년 06월 01일 (5월),18:00,113.1,,112.7
1987년 05월 01일 (4월),18:00,112.7,,112.1
1987년 04월 01일 (3월),18:00,112.1,,111.6
1987년 03월 01일 (2월),18:00,111.6,,111.2
1987년 02월 01일 (1월),18:00,111.2,,110.5
1987년 01월 01일 (12월),18:00,110.5,,110.4
1986년 12월 01일 (11월),18:00,110.4,,110.3
1986년 11월 01일 (10월),18:00,110.3,,110.2
1986년 10월 01일 (9월),18:00,110.2,,109.7
1986년 09월 01일 (8월),18:00,109.7,,109.5
1986년 08월 01일 (7월),18:00,109.5,,109.5
1986년 07월 01일 (6월),18:00,109.5,,108.9
1986년 06월 01일 (5월),18:00,108.9,,108.6
1986년 05월 01일 (4월),18:00,108.6,,108.8
1986년 04월 01일 (3월),18:00,108.8,,109.3
1986년 03월 01일 (2월),18:00,109.3,,109.6
1986년 02월 01일 (1월),18:00,109.6,,109.3
1986년 01월 01일 (12월),18:00,109.3,,109
1985년 12월 01일 (11월),18:00,109,,108.7
1985년 11월 01일 (10월),18:00,108.7,,108.3
1985년 10월 01일 (9월),18:00,108.3,,108
1985년 09월 01일 (8월),18:00,108,,107.8
1985년 08월 01일 (7월),18:00,107.8,,107.6
1985년 07월 01일 (6월),18:00,107.6,,107.3
1985년 06월 01일 (5월),18:00,107.3,,106.9
1985년 05월 01일 (4월),18:00,106.9,,106.4
1985년 04월 01일 (3월),18:00,106.4,,106
1985년 03월 01일 (2월),18:00,106,,105.5
1985년 02월 01일 (1월),18:00,105.5,,105.3
1985년 01월 01일 (12월),18:00,105.3,,105.3
1984년 12월 01일 (11월),18:00,105.3,,105.3
1984년 11월 01일 (10월),18:00,105.3,,105
1984년 10월 01일 (9월),18:00,105,,104.5
1984년 09월 01일 (8월),18:00,104.5,,104.1
1984년 08월 01일 (7월),18:00,104.1,,103.7
1984년 07월 01일 (6월),18:00,103.7,,103.4
1984년 06월 01일 (5월),18:00,103.4,,103.1
1984년 05월 01일 (4월),18:00,103.1,,102.6
1984년 04월 01일 (3월),18:00,102.6,,102.4
1984년 03월 01일 (2월),18:00,102.4,,101.9
1984년 02월 01일 (1월),18:00,101.9,,101.3
1984년 01월 01일 (12월),18:00,101.3,,101.2
1983년 12월 01일 (11월),18:00,101.2,,101
1983년 11월 01일 (10월),18:00,101,,100.7
1983년 10월 01일 (9월),18:00,100.7,,100.2
1983년 09월 01일 (8월),18:00,100.2,,99.9
1983년 08월 01일 (7월),18:00,99.9,,99.5
1983년 07월 01일 (6월),18:00,99.5,,99.2
1983년 06월 01일 (5월),18:00,99.2,,98.6
1983년 05월 01일 (4월),18:00,98.6,,97.9
1983년 04월 01일 (3월),18:00,97.9,,97.9
1983년 03월 01일 (2월),18:00,97.9,,97.8
1983년 02월 01일 (1월),18:00,97.8,,97.6
1983년 01월 01일 (12월),18:00,97.6,,98
1982년 12월 01일 (11월),18:00,98,,98.2
1982년 11월 01일 (10월),18:00,98.2,,97.9
1982년 10월 01일 (9월),18:00,97.9,,97.7
1982년 09월 01일 (8월),18:00,97.7,,97.5
1982년 08월 01일 (7월),18:00,97.5,,97
1982년 07월 01일 (6월),18:00,97,,95.8
1982년 06월 01일 (5월),18:00,95.8,,94.9
1982년 05월 01일 (4월),18:00,94.9,,94.5
1982년 04월 01일 (3월),18:00,94.5,,94.6
1982년 03월 01일 (2월),18:00,94.6,,94.3
1982년 02월 01일 (1월),18:00,94.3,,94
1982년 01월 01일 (12월),18:00,94,,93.7
1981년 12월 01일 (11월),18:00,93.7,,93.4
1981년 11월 01일 (10월),18:00,93.4,,93.2
1981년 10월 01일 (9월),18:00,93.2,,92.3
1981년 09월 01일 (8월),18:00,92.3,,91.6
1981년 08월 01일 (7월),18:00,91.6,,90.6
1981년 07월 01일 (6월),18:00,90.6,,89.8
1981년 06월 01일 (5월),18:00,89.8,,89.1
1981년 05월 01일 (4월),18:00,89.1,,88.5
1981년 04월 01일 (3월),18:00,88.5,,87.9
1981년 03월 01일 (2월),18:00,87.9,,87
1981년 02월 01일 (1월),18:00,87,,86.3
1981년 01월 01일 (12월),18:00,86.3,,85.5
1980년 12월 01일 (11월),18:00,85.5,,84.8
1980년 11월 01일 (10월),18:00,84.8,,84
1980년 10월 01일 (9월),18:00,84,,83.3
1980년 09월 01일 (8월),18:00,83.3,,82.7
1980년 08월 01일 (7월),18:00,82.7,,82.7
1980년 07월 01일 (6월),18:00,82.7,,81.8
1980년 06월 01일 (5월),18:00,81.8,,81
1980년 05월 01일 (4월),18:00,81,,80.1
1980년 04월 01일 (3월),18:00,80.1,,78.9
1980년 03월 01일 (2월),18:00,78.9,,77.8
1980년 02월 01일 (1월),18:00,77.8,,76.7
1980년 01월 01일 (12월),18:00,76.7,,75.9
1979년 12월 01일 (11월),18:00,75.9,,75.2
1979년 11월 01일 (10월),18:00,75.2,,74.6
1979년 10월 01일 (9월),18:00,74.6,,73.8
1979년 09월 01일 (8월),18:00,73.8,,73.1
1979년 08월 01일 (7월),18:00,73.1,,72.3
1979년 07월 01일 (6월),18:00,72.3,,71.5
1979년 06월 01일 (5월),18:00,71.5,,70.6
1979년 05월 01일 (4월),18:00,70.6,,69.8
1979년 04월 01일 (3월),18:00,69.8,,69.1
1979년 03월 01일 (2월),18:00,69.1,,68.3
1979년 02월 01일 (1월),18:00,68.3,,67.7
1979년 01월 01일 (12월),18:00,67.7,,67.4
1978년 12월 01일 (11월),18:00,67.4,,67.1
1978년 11월 01일 (10월),18:00,67.1,,66.5
1978년 10월 01일 (9월),18:00,66.5,,66
1978년 09월 01일 (8월),18:00,66,,65.7
1978년 08월 01일 (7월),18:00,65.7,,65.2
1978년 07월 01일 (6월),18:00,65.2,,64.5
1978년 06월 01일 (5월),18:00,64.5,,63.9
1978년 05월 01일 (4월),18:00,63.9,,63.4
1978년 04월 01일 (3월),18:00,63.4,,62.9
1978년 03월 01일 (2월),18:00,62.9,,62.5
1978년 02월 01일 (1월),18:00,62.5,,62.1
1978년 01월 01일 (12월),18:00,62.1,,61.9
1977년 12월 01일 (11월),18:00,61.9,,61.6
1977년 11월 01일 (10월),18:00,61.6,,61.4
1977년 10월 01일 (9월),18:00,61.4,,61.2
1977년 09월 01일 (8월),18:00,61.2,,61
1977년 08월 01일 (7월),18:00,61,,60.7
1977년 07월 01일 (6월),18:00,60.7,,60.3
1977년 06월 01일 (5월),18:00,60.3,,60
1977년 05월 01일 (4월),18:00,60,,59.5
1977년 04월 01일 (3월),18:00,59.5,,59.1
1977년 03월 01일 (2월),18:00,59.1,,58.5
1977년 02월 01일 (1월),18:00,58.5,,58.2
1977년 01월 01일 (12월),18:00,58.2,,58
1976년 12월 01일 (11월),18:00,58,,57.9
1976년 11월 01일 (10월),18:00,57.9,,57.6
1976년 10월 01일 (9월),18:00,57.6,,57.4
1976년 09월 01일 (8월),18:00,57.4,,57.1
1976년 08월 01일 (7월),18:00,57.1,,56.8
1976년 07월 01일 (6월),18:00,56.8,,56.5
1976년 06월 01일 (5월),18:00,56.5,,56.1
1976년 05월 01일 (4월),18:00,56.1,,55.9
1976년 04월 01일 (3월),18:00,55.9,,55.8
1976년 03월 01일 (2월),18:00,55.8,,55.6
1976년 02월 01일 (1월),18:00,55.6,,55.5
1976년 01월 01일 (12월),18:00,55.5,,55.3
1975년 12월 01일 (11월),18:00,55.3,,54.9
1975년 11월 01일 (10월),18:00,54.9,,54.6
1975년 10월 01일 (9월),18:00,54.6,,54.3
1975년 09월 01일 (8월),18:00,54.3,,54.2
1975년 08월 01일 (7월),18:00,54.2,,53.6
1975년 07월 01일 (6월),18:00,53.6,,53.2
1975년 06월 01일 (5월),18:00,53.2,,52.9
1975년 05월 01일 (4월),18:00,52.9,,52.7
1975년 04월 01일 (3월),18:00,52.7,,52.5
1975년 03월 01일 (2월),18:00,52.5,,52.1
1975년 02월 01일 (1월),18:00,52.1,,51.9
1975년 01월 01일 (12월),18:00,51.9,,51.5
1974년 12월 01일 (11월),18:00,51.5,,51.1
1974년 11월 01일 (10월),18:00,51.1,,50.6
1974년 10월 01일 (9월),18:00,50.6,,50
1974년 09월 01일 (8월),18:00,50,,49.4
1974년 08월 01일 (7월),18:00,49.4,,49
1974년 07월 01일 (6월),18:00,49,,48.6
1974년 06월 01일 (5월),18:00,48.6,,48
1974년 05월 01일 (4월),18:00,48,,47.8
1974년 04월 01일 (3월),18:00,47.8,,47.2
1974년 03월 01일 (2월),18:00,47.2,,46.6
1974년 02월 01일 (1월),18:00,46.6,,46.2
1974년 01월 01일 (12월),18:00,46.2,,45.9
1973년 12월 01일 (11월),18:00,45.9,,45.6
1973년 11월 01일 (10월),18:00,45.6,,45.2
1973년 10월 01일 (9월),18:00,45.2,,45.1
1973년 09월 01일 (8월),18:00,45.1,,44.3
1973년 08월 01일 (7월),18:00,44.3,,44.2
1973년 07월 01일 (6월),18:00,44.2,,43.9
1973년 06월 01일 (5월),18:00,43.9,,43.6
1973년 05월 01일 (4월),18:00,43.6,,43.3
1973년 04월 01일 (3월),18:00,43.3,,42.9
1973년 03월 01일 (2월),18:00,42.9,,42.6
1973년 02월 01일 (1월),18:00,42.6,,42.5
1973년 01월 01일 (12월),18:00,42.5,,42.4
1972년 12월 01일 (11월),18:00,42.4,,42.3
1972년 11월 01일 (10월),18:00,42.3,,42.1
1972년 10월 01일 (9월),18:00,42.1,,42
1972년 09월 01일 (8월),18:00,42,,41.9
1972년 08월 01일 (7월),18:00,41.9,,41.7
1972년 07월 01일 (6월),18:00,41.7,,41.6
1972년 06월 01일 (5월),18:00,41.6,,41.5
1972년 05월 01일 (4월),18:00,41.5,,41.4
1972년 04월 01일 (3월),18:00,41.4,,41.3
1972년 03월 01일 (2월),18:00,41.3,,41.1
1972년 02월 01일 (1월),18:00,41.1,,41.1
1972년 01월 01일 (12월),18:00,41.1,,40.9
1971년 12월 01일 (11월),18:00,40.9,,40.9
1971년 11월 01일 (10월),18:00,40.9,,40.8
1971년 10월 01일 (9월),18:00,40.8,,40.8
1971년 09월 01일 (8월),18:00,40.8,,40.7
1971년 08월 01일 (7월),18:00,40.7,,40.6
1971년 07월 01일 (6월),18:00,40.6,,40.3
1971년 06월 01일 (5월),18:00,40.3,,40.1
1971년 05월 01일 (4월),18:00,40.1,,40
1971년 04월 01일 (3월),18:00,40,,39.9
1971년 03월 01일 (2월),18:00,39.9,,39.8
1971년 02월 01일 (1월),18:00,39.8,,39.8
1971년 01월 01일 (12월),18:00,39.8,,39.6
1970년 12월 01일 (11월),18:00,39.6,,39.4
1970년 11월 01일 (10월),18:00,39.4,,39.2
1970년 10월 01일 (9월),18:00,39.2,,39
1970년 09월 01일 (8월),18:00,39,,39
1970년 08월 01일 (7월),18:00,39,,38.8
1970년 07월 01일 (6월),18:00,38.8,,38.6
1970년 06월 01일 (5월),18:00,38.6,,38.5
1970년 05월 01일 (4월),18:00,38.5,,38.2
1970년 04월 01일 (3월),18:00,38.2,,38
1970년 03월 01일 (2월),18:00,38,,37.8
1970년 02월 01일 (1월),18:00,37.8,,37.7
1970년 01월 01일 (12월),18:00,37.7,,
