일자,금리
2022-06-28,3.693
2022-06-27,3.724
2022-06-26,3.625
2022-06-25,3.625
2022-06-24,3.642
2022-06-23,3.695
2022-06-22,3.703
2022-06-21,3.776
2022-06-20,3.777
2022-06-19,3.795
2022-06-17,3.795
2022-06-16,3.76
2022-06-15,3.803
2022-06-14,3.697
2022-06-13,3.644
2022-06-12,3.49
2022-06-10,3.495
2022-06-09,3.465
2022-06-08,3.474
2022-06-07,3.538
2022-06-06,3.407
2022-06-05,3.407
2022-06-04,3.407
2022-06-03,3.403
2022-06-02,3.422
2022-06-01,3.33
2022-05-31,3.324
2022-05-30,3.205
2022-05-29,3.217
2022-05-28,3.217
2022-05-27,3.211
2022-05-26,3.239
2022-05-25,3.173
2022-05-24,3.216
2022-05-23,3.257
2022-05-22,3.24
2022-05-21,3.24
2022-05-20,3.247
2022-05-19,3.307
2022-05-18,3.32
2022-05-17,3.289
2022-05-16,3.291
2022-05-15,3.23
2022-05-14,3.23
2022-05-13,3.216
2022-05-12,3.167
2022-05-11,3.273
2022-05-10,3.403
2022-05-09,3.413
2022-05-08,3.42
2022-05-07,3.42
2022-05-06,3.437
2022-05-05,3.428
2022-05-04,3.462
2022-05-03,3.408
2022-05-02,3.372
2022-05-01,3.235
2022-04-30,3.235
2022-04-29,3.245
2022-04-28,3.168
2022-04-27,3.163
2022-04-26,3.195
2022-04-25,3.21
2022-04-24,3.305
2022-04-23,3.305
2022-04-22,3.347
2022-04-21,3.29
2022-04-20,3.315
2022-04-19,3.363
2022-04-18,3.352
2022-04-17,3.32
2022-04-16,3.32
2022-04-15,3.29
2022-04-14,3.223
2022-04-13,3.284
2022-04-12,3.314
2022-04-11,3.298
2022-04-10,3.181
2022-04-09,3.181
2022-04-08,3.167
2022-04-07,3.132
2022-04-06,3.134
2022-04-05,3.08
2022-04-04,3.072
2022-04-03,3.005
2022-04-02,3.005
2022-04-01,3.007
2022-03-31,2.969
2022-03-30,2.885
2022-03-29,2.972
2022-03-28,3.028
2022-03-27,2.877
2022-03-26,2.877
2022-03-25,2.868
2022-03-24,2.855
2022-03-23,2.832
2022-03-22,2.833
2022-03-21,2.741
2022-03-20,2.731
2022-03-18,2.737
2022-03-17,2.704
2022-03-16,2.765
2022-03-15,2.759
2022-03-14,2.738
2022-03-13,2.695
2022-03-12,2.695
2022-03-11,2.7
2022-03-10,2.726
2022-03-09,2.717
2022-03-08,2.722
2022-03-07,2.707
2022-03-06,2.647
2022-03-05,2.647
2022-03-04,2.662
2022-03-03,2.647
2022-03-02,2.613
2022-03-01,2.685
2022-02-28,2.675
2022-02-27,2.667
2022-02-26,2.667
2022-02-25,2.671
2022-02-24,2.622
2022-02-23,2.724
2022-02-22,2.717
2022-02-21,2.774
2022-02-18,2.728
2022-02-17,2.708
2022-02-16,2.701
2022-02-15,2.71
2022-02-14,2.707
2022-02-13,2.735
2022-02-12,2.735
2022-02-11,2.749
2022-02-10,2.686
2022-02-09,2.689
2022-02-08,2.734
2022-02-07,2.637
2022-02-06,2.602
2022-02-05,2.602
2022-02-04,2.619
2022-02-03,2.568
2022-02-02,2.59
2022-02-01,2.59
2022-01-31,2.59
2022-01-30,2.59
2022-01-29,2.59
2022-01-28,2.586
2022-01-27,2.612
2022-01-26,2.573
2022-01-25,2.576
2022-01-24,2.538
2022-01-23,2.542
2022-01-22,2.542
2022-01-21,2.54
2022-01-20,2.557
2022-01-19,2.536
2022-01-18,2.553
2022-01-17,2.568
2022-01-16,2.464
2022-01-15,2.464
2022-01-14,2.453
2022-01-13,2.397
2022-01-12,2.428
2022-01-11,2.485
2022-01-10,2.484
2022-01-09,2.457
2022-01-08,2.457
2022-01-07,2.458
2022-01-06,2.481
2022-01-05,2.375
2022-01-04,2.314
2022-01-03,2.323
2022-01-02,2.175
2022-01-01,2.255
2021-12-31,2.255
2021-12-30,2.248
2021-12-29,2.18
2021-12-28,2.196
2021-12-27,2.212
2021-12-26,2.202
2021-12-25,2.202
2021-12-24,2.21
2021-12-23,2.215
2021-12-22,2.148
2021-12-21,2.095
2021-12-20,2.108
2021-12-19,2.152
2021-12-18,2.152
2021-12-17,2.153
2021-12-16,2.147
2021-12-15,2.166
2021-12-14,2.167
2021-12-13,2.169
2021-12-12,2.195
2021-12-11,2.195
2021-12-10,2.202
2021-12-09,2.188
2021-12-08,2.186
2021-12-07,2.24
2021-12-06,2.212
2021-12-05,2.235
2021-12-04,2.235
2021-12-03,2.233
2021-12-02,2.194
2021-12-01,2.181
2021-11-30,2.218
2021-11-29,2.265
2021-11-28,2.262
2021-11-27,2.262
2021-11-26,2.253
2021-11-25,2.347
2021-11-24,2.394
2021-11-23,2.4
2021-11-22,2.386
2021-11-21,2.38
2021-11-20,2.38
2021-11-19,2.371
2021-11-18,2.338
2021-11-17,2.36
2021-11-16,2.335
2021-11-15,2.299
2021-11-14,2.35
2021-11-13,2.35
2021-11-12,2.342
2021-11-11,2.34
2021-11-10,2.307
2021-11-09,2.294
2021-11-08,2.328
2021-11-07,2.35
2021-11-06,2.35
2021-11-05,2.35
2021-11-04,2.428
2021-11-03,2.47
2021-11-02,2.48
2021-11-01,2.498
2021-10-31,2.563
2021-10-30,2.563
2021-10-29,2.583
2021-10-28,2.391
2021-10-27,2.484
2021-10-26,2.456
2021-10-25,2.426
2021-10-24,2.408
2021-10-23,2.408
2021-10-22,2.411
2021-10-21,2.387
2021-10-20,2.39
2021-10-19,2.38
2021-10-18,2.399
2021-10-17,2.389
2021-10-16,2.36
2021-10-15,2.355
2021-10-14,2.351
2021-10-13,2.401
2021-10-12,2.447
2021-10-11,2.362
2021-10-10,2.362
2021-10-09,2.362
2021-10-08,2.376
2021-10-07,2.387
2021-10-06,2.4
2021-10-05,2.291
2021-10-04,2.25
2021-10-03,2.25
2021-10-02,2.25
2021-10-01,2.259
2021-09-30,2.237
2021-09-29,2.226
2021-09-28,2.256
2021-09-27,2.167
2021-09-26,2.157
2021-09-25,2.157
2021-09-24,2.151
2021-09-23,2.099
2021-09-22,2.072
2021-09-21,2.072
2021-09-20,2.072
2021-09-19,2.072
2021-09-18,2.072
2021-09-17,2.066
2021-09-16,2.043
2021-09-15,2.024
2021-09-14,2.058
2021-09-13,2.035
2021-09-12,1.995
2021-09-11,1.995
2021-09-10,2.008
2021-09-09,2
2021-09-08,2.019
2021-09-07,1.974
2021-09-06,1.971
2021-09-05,1.942
2021-09-03,1.943
2021-09-02,1.94
2021-09-01,1.942
2021-08-31,1.912
2021-08-30,1.913
2021-08-29,1.937
2021-08-28,1.937
2021-08-27,1.939
2021-08-26,1.927
2021-08-25,1.936
2021-08-24,1.939
2021-08-23,1.886
2021-08-22,1.92
2021-08-21,1.852
2021-08-20,1.852
2021-08-19,1.868
2021-08-18,1.88
2021-08-17,1.889
2021-08-16,1.92
2021-08-15,1.92
2021-08-13,1.924
2021-08-12,1.921
2021-08-11,1.934
2021-08-10,1.917
2021-08-09,1.915
2021-08-07,1.895
2021-08-06,1.901
2021-08-05,1.878
2021-08-04,1.866
2021-08-03,1.89
2021-08-02,1.907
2021-07-31,1.867
2021-07-30,1.876
2021-07-29,1.889
2021-07-28,1.863
2021-07-27,1.868
2021-07-26,1.863
2021-07-25,1.882
2021-07-23,1.888
2021-07-22,1.922
2021-07-21,1.877
2021-07-20,1.891
2021-07-19,1.972
2021-07-18,2.017
2021-07-17,2.017
2021-07-16,2.005
2021-07-15,2.028
2021-07-14,2.01
2021-07-13,2.035
2021-07-12,2.022
2021-07-11,2.035
2021-07-10,2.035
2021-07-09,2.032
2021-07-08,2.004
2021-07-07,2.039
2021-07-06,2.12
2021-07-05,2.089
2021-07-04,2.105
2021-07-03,2.105
2021-07-02,2.101
2021-07-01,2.089
2021-06-30,2.092
2021-06-29,2.11
2021-06-28,2.137
2021-06-27,2.102
2021-06-26,2.102
2021-06-25,2.1
2021-06-24,2.057
2021-06-23,2.041
2021-06-22,2.05
2021-06-21,2.006
2021-06-20,2.035
2021-06-19,2.035
2021-06-18,2.041
2021-06-17,2.079
2021-06-16,2.071
2021-06-15,2.071
2021-06-14,2.096
2021-06-13,2.08
2021-06-12,2.08
2021-06-11,2.101
2021-06-10,2.085
2021-06-09,2.104
2021-06-08,2.116
2021-06-07,2.156
2021-06-06,2.167
2021-06-05,2.167
2021-06-04,2.173
2021-06-03,2.195
2021-06-02,2.202
2021-06-01,2.185
2021-05-31,2.179
2021-05-30,2.137
2021-05-29,2.137
2021-05-28,2.132
2021-05-27,2.112
2021-05-26,2.127
2021-05-25,2.129
2021-05-24,2.12
2021-05-23,2.117
2021-05-22,2.117
2021-05-21,2.124
2021-05-20,2.135
2021-05-19,2.12
2021-05-18,2.118
2021-05-17,2.117
2021-05-16,2.155
2021-05-15,2.155
2021-05-14,2.16
2021-05-13,2.156
2021-05-12,2.125
2021-05-11,2.139
2021-05-10,2.134
2021-05-07,2.123
2021-05-06,2.102
2021-05-05,2.13
2021-05-04,2.13
2021-05-03,2.124
2021-05-02,2.13
2021-05-01,2.13
2021-04-30,2.128
2021-04-29,2.098
2021-04-28,2.082
2021-04-27,2.071
2021-04-26,2.089
2021-04-25,2.045
2021-04-24,2.045
2021-04-23,2.043
2021-04-22,1.989
2021-04-21,2.005
2021-04-20,2.003
2021-04-19,1.981
2021-04-18,2.022
2021-04-17,2.022
2021-04-16,2.024
2021-04-15,2.02
2021-04-14,1.99
2021-04-13,2.028
2021-04-12,2.005
2021-04-11,2.025
2021-04-10,2.025
2021-04-09,2.03
2021-04-08,2.012
2021-04-07,2.064
2021-04-06,2.068
2021-04-05,2.094
2021-04-04,2.052
2021-04-03,2.052
2021-04-02,2.049
2021-04-01,2.023
2021-03-31,2.057
2021-03-30,2.063
2021-03-29,1.981
2021-03-28,2.01
2021-03-27,2.01
2021-03-26,2.004
2021-03-25,1.967
2021-03-24,1.995
2021-03-23,2.031
2021-03-22,2.058
2021-03-21,2.115
2021-03-20,2.115
2021-03-19,2.098
2021-03-18,2.15
2021-03-17,2.134
2021-03-16,2.1
2021-03-15,2.154
2021-03-14,2.105
2021-03-13,2.105
2021-03-12,2.09
2021-03-11,2.028
2021-03-10,2.037
2021-03-09,2.035
2021-03-08,2.024
2021-03-07,1.995
2021-03-06,1.995
2021-03-05,1.991
2021-03-04,1.972
2021-03-03,1.952
2021-03-02,1.966
2021-03-01,1.97
2021-02-28,1.97
2021-02-27,1.97
2021-02-26,1.96
2021-02-25,1.881
2021-02-24,1.851
2021-02-23,1.91
2021-02-22,1.921
2021-02-21,1.877
2021-02-20,1.877
2021-02-19,1.875
2021-02-18,1.854
2021-02-17,1.862
2021-02-16,1.85
2021-02-15,1.872
2021-02-14,1.83
2021-02-13,1.83
2021-02-12,1.83
2021-02-11,1.83
2021-02-10,1.831
2021-02-09,1.812
2021-02-08,1.822
2021-02-07,1.782
2021-02-06,1.782
2021-02-05,1.793
2021-02-04,1.795
2021-02-03,1.768
2021-02-02,1.758
2021-02-01,1.804
2021-01-31,1.765
2021-01-30,1.765
2021-01-29,1.768
2021-01-28,1.764
2021-01-27,1.757
2021-01-26,1.77
2021-01-25,1.78
2021-01-24,1.755
2021-01-23,1.755
2021-01-22,1.759
2021-01-21,1.708
2021-01-20,1.703
2021-01-19,1.711
2021-01-18,1.715
2021-01-17,1.73
2021-01-16,1.73
2021-01-15,1.731
2021-01-14,1.734
2021-01-13,1.719
2021-01-12,1.718
2021-01-11,1.693
2021-01-10,1.72
2021-01-09,1.72
2021-01-08,1.733
2021-01-07,1.725
2021-01-06,1.731
2021-01-05,1.69
2021-01-04,1.721
2021-01-03,1.722
2021-01-02,1.722
2021-01-01,1.722
2020-12-31,1.722
2020-12-30,1.712
2020-12-29,1.698
2020-12-28,1.681
2020-12-27,1.692
2020-12-26,1.692
2020-12-25,1.692
2020-12-24,1.682
2020-12-23,1.64
2020-12-22,1.657
2020-12-21,1.679
2020-12-20,1.707
2020-12-19,1.707
2020-12-18,1.7
2020-12-17,1.734
2020-12-16,1.686
2020-12-15,1.672
2020-12-14,1.672
2020-12-13,1.657
2020-12-12,1.657
2020-12-11,1.663
2020-12-10,1.654
2020-12-09,1.659
2020-12-08,1.642
2020-12-07,1.647
2020-12-06,1.664
2020-12-05,1.664
2020-12-04,1.65
2020-12-03,1.672
2020-12-02,1.675
2020-12-01,1.651
2020-11-30,1.657
2020-11-29,1.64
2020-11-28,1.64
2020-11-27,1.642
2020-11-26,1.657
2020-11-25,1.627
2020-11-24,1.6
2020-11-23,1.581
2020-11-22,1.612
2020-11-21,1.612
2020-11-20,1.605
2020-11-19,1.602
2020-11-18,1.602
2020-11-17,1.619
2020-11-16,1.624
2020-11-15,1.627
2020-11-14,1.627
2020-11-13,1.627
2020-11-12,1.651
2020-11-11,1.658
2020-11-10,1.621
2020-11-09,1.568
2020-11-08,1.565
2020-11-07,1.565
2020-11-06,1.558
2020-11-05,1.527
2020-11-04,1.572
2020-11-03,1.606
2020-11-02,1.604
2020-11-01,1.552
2020-10-31,1.552
2020-10-30,1.542
2020-10-29,1.529
2020-10-28,1.498
2020-10-27,1.502
2020-10-26,1.483
2020-10-25,1.495
2020-10-24,1.495
2020-10-23,1.494
2020-10-22,1.508
2020-10-21,1.524
2020-10-20,1.461
2020-10-19,1.441
2020-10-18,1.5
2020-10-17,1.5
2020-10-16,1.489
2020-10-15,1.482
2020-10-14,1.513
2020-10-13,1.529
2020-10-12,1.553
2020-10-11,1.541
2020-10-10,1.541
2020-10-09,1.541
2020-10-08,1.544
2020-10-07,1.533
2020-10-06,1.531
2020-10-05,1.479
2020-10-04,1.427
2020-10-03,1.427
2020-10-02,1.427
2020-10-01,1.427
2020-09-30,1.427
2020-09-29,1.43
2020-09-28,1.426
2020-09-27,1.427
2020-09-26,1.427
2020-09-25,1.423
2020-09-24,1.442
2020-09-23,1.446
2020-09-22,1.474
2020-09-21,1.493
2020-09-20,1.505
2020-09-19,1.505
2020-09-18,1.502
2020-09-17,1.511
2020-09-16,1.485
2020-09-15,1.504
2020-09-14,1.518
2020-09-13,1.532
2020-09-11,1.529
2020-09-10,1.516
2020-09-09,1.518
2020-09-08,1.556
2020-09-07,1.571
2020-09-06,1.54
2020-09-05,1.54
2020-09-04,1.524
2020-09-03,1.522
2020-09-02,1.539
2020-09-01,1.585
2020-08-31,1.513
2020-08-30,1.485
2020-08-29,1.485
2020-08-28,1.486
2020-08-27,1.421
2020-08-26,1.405
2020-08-25,1.387
2020-08-24,1.377
2020-08-23,1.41
2020-08-22,1.41
2020-08-21,1.41
2020-08-20,1.379
2020-08-19,1.346
2020-08-18,1.357
2020-08-17,1.4
2020-08-16,1.4
2020-08-15,1.4
2020-08-14,1.394
2020-08-13,1.363
2020-08-12,1.37
2020-08-11,1.345
2020-08-10,1.364
2020-08-09,1.327
2020-08-08,1.327
2020-08-07,1.319
2020-08-06,1.306
2020-08-05,1.292
2020-08-04,1.306
2020-08-03,1.307
2020-08-02,1.295
2020-08-01,1.295
2020-07-31,1.297
2020-07-30,1.283
2020-07-29,1.31
2020-07-28,1.329
2020-07-27,1.306
2020-07-26,1.302
2020-07-25,1.302
2020-07-24,1.305
2020-07-23,1.317
2020-07-22,1.347
2020-07-21,1.356
2020-07-20,1.334
2020-07-19,1.35
2020-07-18,1.35
2020-07-17,1.348
2020-07-16,1.382
2020-07-15,1.416
2020-07-14,1.419
2020-07-13,1.42
2020-07-12,1.397
2020-07-10,1.397
2020-07-09,1.391
2020-07-08,1.378
2020-07-07,1.387
2020-07-06,1.409
2020-07-05,1.382
2020-07-04,1.382
2020-07-03,1.388
2020-07-02,1.378
2020-07-01,1.406
2020-06-30,1.369
2020-06-29,1.365
2020-06-28,1.325
2020-06-27,1.325
2020-06-26,1.327
2020-06-25,1.345
2020-06-24,1.363
2020-06-23,1.386
2020-06-22,1.391
2020-06-21,1.39
2020-06-20,1.39
2020-06-19,1.378
2020-06-18,1.37
2020-06-17,1.41
2020-06-16,1.4
2020-06-15,1.424
2020-06-14,1.38
2020-06-13,1.38
2020-06-12,1.388
2020-06-11,1.381
2020-06-10,1.397
2020-06-09,1.375
2020-06-08,1.457
2020-06-07,1.46
2020-06-06,1.46
2020-06-05,1.449
2020-06-04,1.432
2020-06-03,1.426
2020-06-02,1.387
2020-06-01,1.39
2020-05-31,1.365
2020-05-30,1.365
2020-05-29,1.376
2020-05-28,1.34
2020-05-27,1.345
2020-05-26,1.325
2020-05-25,1.316
2020-05-24,1.34
2020-05-23,1.34
2020-05-22,1.35
2020-05-21,1.342
2020-05-20,1.356
2020-05-19,1.391
2020-05-18,1.392
2020-05-17,1.377
2020-05-16,1.377
2020-05-15,1.384
2020-05-14,1.382
2020-05-13,1.392
2020-05-12,1.422
2020-05-11,1.461
2020-05-10,1.425
2020-05-09,1.425
2020-05-08,1.426
2020-05-07,1.486
2020-05-06,1.506
2020-05-05,1.496
2020-05-04,1.499
2020-05-03,1.517
2020-05-02,1.517
2020-05-01,1.517
2020-04-30,1.517
2020-04-29,1.516
2020-04-28,1.563
2020-04-27,1.574
2020-04-26,1.535
2020-04-25,1.535
2020-04-24,1.551
2020-04-23,1.545
2020-04-22,1.526
2020-04-21,1.459
2020-04-20,1.447
2020-04-19,1.449
2020-04-18,1.449
2020-04-17,1.435
2020-04-16,1.408
2020-04-15,1.462
2020-04-14,1.466
2020-04-13,1.468
2020-04-12,1.455
2020-04-11,1.455
2020-04-10,1.441
2020-04-09,1.435
2020-04-08,1.51
2020-04-07,1.58
2020-04-06,1.542
2020-04-05,1.55
2020-04-04,1.55
2020-04-03,1.547
2020-04-02,1.517
2020-04-01,1.541
2020-03-31,1.55
2020-03-30,1.56
2020-03-29,1.537
2020-03-28,1.537
2020-03-27,1.532
2020-03-26,1.499
2020-03-25,1.662
2020-03-24,1.701
2020-03-23,1.709
2020-03-22,1.63
2020-03-21,1.63
2020-03-20,1.613
2020-03-19,1.655
2020-03-18,1.498
2020-03-17,1.442
2020-03-16,1.524
2020-03-15,1.619
2020-03-14,1.619
2020-03-13,1.568
2020-03-12,1.386
2020-03-11,1.372
2020-03-10,1.353
2020-03-09,1.298
2020-03-08,1.37
2020-03-07,1.37
2020-03-06,1.37
2020-03-05,1.332
2020-03-04,1.3
2020-03-03,1.369
2020-03-02,1.371
2020-03-01,1.327
2020-02-29,1.327
2020-02-28,1.334
2020-02-27,1.443
2020-02-26,1.393
2020-02-25,1.423
2020-02-24,1.415
2020-02-23,1.447
2020-02-21,1.442
2020-02-20,1.506
2020-02-19,1.559
2020-02-18,1.561
2020-02-17,1.627
2020-02-16,1.657
2020-02-14,1.652
2020-02-13,1.612
2020-02-12,1.612
2020-02-11,1.603
2020-02-10,1.605
2020-02-09,1.602
2020-02-08,1.602
2020-02-07,1.602
2020-02-06,1.634
2020-02-05,1.601
2020-02-04,1.626
2020-02-03,1.546
2020-02-02,1.562
2020-02-01,1.562
2020-01-31,1.555
2020-01-30,1.55
2020-01-29,1.586
2020-01-28,1.603
2020-01-27,1.7
2020-01-26,1.7
2020-01-25,1.7
2020-01-24,1.7
2020-01-23,1.705
2020-01-22,1.723
2020-01-21,1.688
2020-01-20,1.767
2020-01-19,1.74
2020-01-18,1.74
2020-01-17,1.745
2020-01-16,1.7
2020-01-15,1.691
2020-01-14,1.716
2020-01-13,1.732
2020-01-12,1.709
2020-01-11,1.709
2020-01-10,1.706
2020-01-09,1.688
2020-01-08,1.628
2020-01-07,1.616
2020-01-06,1.537
2020-01-05,1.56
2020-01-04,1.56
2020-01-03,1.552
2020-01-02,1.638
2020-01-01,1.672
2019-12-31,1.672
2019-12-30,1.687
2019-12-29,1.682
2019-12-28,1.682
2019-12-27,1.685
2019-12-26,1.644
2019-12-25,1.632
2019-12-24,1.631
2019-12-23,1.642
2019-12-22,1.665
2019-12-21,1.665
2019-12-20,1.676
2019-12-19,1.656
2019-12-18,1.607
2019-12-17,1.606
2019-12-16,1.615
2019-12-15,1.652
2019-12-14,1.652
2019-12-13,1.648
2019-12-12,1.621
2019-12-11,1.621
2019-12-10,1.611
2019-12-09,1.669
2019-12-08,1.685
2019-12-07,1.685
2019-12-06,1.678
2019-12-05,1.662
2019-12-04,1.66
2019-12-03,1.737
2019-12-02,1.682
2019-12-01,1.635
2019-11-30,1.635
2019-11-29,1.627
2019-11-28,1.669
2019-11-27,1.672
2019-11-26,1.71
2019-11-25,1.726
2019-11-24,1.698
2019-11-23,1.698
2019-11-22,1.684
2019-11-21,1.667
2019-11-20,1.673
2019-11-19,1.737
2019-11-18,1.782
2019-11-17,1.795
2019-11-16,1.795
2019-11-15,1.787
2019-11-14,1.788
2019-11-13,1.792
2019-11-12,1.842
2019-11-11,1.785
2019-11-10,1.8
2019-11-09,1.8
2019-11-08,1.805
2019-11-07,1.814
2019-11-06,1.825
2019-11-05,1.817
2019-11-04,1.824
2019-11-03,1.74
2019-11-02,1.74
2019-11-01,1.731
2019-10-31,1.728
2019-10-30,1.759
2019-10-29,1.783
2019-10-28,1.764
2019-10-27,1.685
2019-10-25,1.671
2019-10-24,1.638
2019-10-23,1.656
2019-10-22,1.659
2019-10-21,1.659
2019-10-20,1.592
2019-10-19,1.592
2019-10-18,1.586
2019-10-17,1.576
2019-10-16,1.53
2019-10-15,1.493
2019-10-14,1.489
2019-10-13,1.485
2019-10-12,1.485
2019-10-11,1.493
2019-10-10,1.457
2019-10-09,1.422
2019-10-08,1.433
2019-10-07,1.38
2019-10-06,1.372
2019-10-05,1.372
2019-10-04,1.373
2019-10-03,1.497
2019-10-02,1.497
2019-10-01,1.499
2019-09-30,1.456
2019-09-29,1.447
2019-09-28,1.447
2019-09-27,1.439
2019-09-26,1.432
2019-09-25,1.424
2019-09-24,1.458
2019-09-23,1.462
2019-09-22,1.457
2019-09-21,1.457
2019-09-20,1.455
2019-09-19,1.462
2019-09-18,1.469
2019-09-17,1.501
2019-09-16,1.536
2019-09-15,1.402
2019-09-14,1.402
2019-09-13,1.402
2019-09-12,1.402
2019-09-11,1.396
2019-09-10,1.376
2019-09-09,1.352
2019-09-08,1.38
2019-09-07,1.38
2019-09-06,1.382
2019-09-05,1.372
2019-09-04,1.352
2019-09-03,1.333
2019-09-02,1.348
2019-09-01,1.295
2019-08-31,1.295
2019-08-30,1.273
2019-08-29,1.248
2019-08-28,1.246
2019-08-27,1.235
2019-08-26,1.19
2019-08-25,1.252
2019-08-24,1.252
2019-08-23,1.263
2019-08-22,1.229
2019-08-21,1.277
2019-08-20,1.198
2019-08-19,1.184
2019-08-18,1.17
2019-08-17,1.17
2019-08-16,1.172
2019-08-15,1.225
2019-08-14,1.233
2019-08-13,1.23
2019-08-12,1.286
2019-08-11,1.28
2019-08-10,1.28
2019-08-09,1.289
2019-08-08,1.269
2019-08-07,1.251
2019-08-06,1.256
2019-08-05,1.252
2019-08-04,1.34
2019-08-03,1.34
2019-08-02,1.352
2019-08-01,1.405
2019-07-31,1.391
2019-07-30,1.406
2019-07-29,1.408
2019-07-28,1.42
2019-07-27,1.42
2019-07-26,1.424
2019-07-25,1.433
2019-07-24,1.466
2019-07-23,1.47
2019-07-22,1.465
2019-07-21,1.465
2019-07-20,1.465
2019-07-19,1.454
2019-07-18,1.47
2019-07-17,1.548
2019-07-16,1.574
2019-07-15,1.581
2019-07-14,1.565
2019-07-13,1.565
2019-07-12,1.571
2019-07-11,1.547
2019-07-10,1.561
2019-07-09,1.537
2019-07-08,1.535
2019-07-07,1.537
2019-07-06,1.537
2019-07-05,1.532
2019-07-04,1.523
2019-07-03,1.534
2019-07-02,1.588
2019-07-01,1.604
2019-06-30,1.595
2019-06-29,1.595
2019-06-28,1.597
2019-06-27,1.615
2019-06-26,1.608
2019-06-25,1.584
2019-06-24,1.563
2019-06-23,1.57
2019-06-22,1.57
2019-06-21,1.57
2019-06-20,1.543
2019-06-19,1.602
2019-06-18,1.614
2019-06-17,1.621
2019-06-16,1.587
2019-06-15,1.587
2019-06-14,1.592
2019-06-13,1.612
2019-06-12,1.598
2019-06-11,1.68
2019-06-10,1.657
2019-06-09,1.635
2019-06-08,1.635
2019-06-07,1.635
2019-06-06,1.65
2019-06-05,1.654
2019-06-04,1.684
2019-06-03,1.691
2019-06-02,1.669
2019-06-01,1.669
2019-05-31,1.682
2019-05-30,1.741
2019-05-29,1.742
2019-05-28,1.796
2019-05-27,1.798
2019-05-26,1.795
2019-05-25,1.795
2019-05-24,1.791
2019-05-23,1.809
2019-05-22,1.83
2019-05-21,1.829
2019-05-20,1.847
2019-05-19,1.825
2019-05-18,1.825
2019-05-17,1.82
2019-05-16,1.82
2019-05-15,1.865
2019-05-14,1.869
2019-05-13,1.874
2019-05-12,1.875
2019-05-11,1.875
2019-05-10,1.872
2019-05-09,1.862
2019-05-08,1.876
2019-05-07,1.885
2019-05-06,1.902
2019-05-05,1.902
2019-05-04,1.902
2019-05-03,1.9
2019-05-02,1.885
2019-05-01,1.845
2019-04-30,1.845
2019-04-29,1.863
2019-04-28,1.875
2019-04-27,1.875
2019-04-26,1.876
2019-04-25,1.879
2019-04-24,1.912
2019-04-23,1.923
2019-04-22,1.929
2019-04-21,1.91
2019-04-20,1.91
2019-04-19,1.899
2019-04-18,1.892
2019-04-17,1.948
2019-04-16,1.932
2019-04-15,1.927
2019-04-14,1.885
2019-04-13,1.885
2019-04-12,1.881
2019-04-11,1.866
2019-04-10,1.871
2019-04-09,1.874
2019-04-08,1.867
2019-04-07,1.895
2019-04-06,1.895
2019-04-05,1.892
2019-04-04,1.877
2019-04-03,1.889
2019-04-02,1.857
2019-04-01,1.864
2019-03-31,1.83
2019-03-30,1.83
2019-03-29,1.833
2019-03-28,1.81
2019-03-27,1.845
2019-03-26,1.905
2019-03-25,1.886
2019-03-24,1.932
2019-03-23,1.932
2019-03-22,1.934
2019-03-21,1.932
2019-03-20,1.978
2019-03-19,1.979
2019-03-18,1.994
2019-03-17,1.992
2019-03-16,1.992
2019-03-15,1.988
2019-03-14,1.977
2019-03-13,1.966
2019-03-12,1.993
2019-03-11,1.985
2019-03-10,1.975
2019-03-09,1.975
2019-03-08,1.973
2019-03-07,2.003
2019-03-06,2.021
2019-03-05,2.03
2019-03-04,2.027
2019-03-03,1.985
2019-03-02,1.985
2019-03-01,1.985
2019-02-28,1.987
2019-02-27,1.985
2019-02-26,2.004
2019-02-25,2.011
2019-02-24,2.002
2019-02-23,2.002
2019-02-22,2.009
2019-02-21,2.009
2019-02-20,1.992
2019-02-19,1.996
2019-02-18,1.997
2019-02-17,1.965
2019-02-16,1.965
2019-02-15,1.961
2019-02-14,1.995
2019-02-13,1.986
2019-02-12,1.977
2019-02-11,1.944
2019-02-10,1.962
2019-02-09,1.962
2019-02-08,1.966
2019-02-07,1.995
2019-02-06,1.983
2019-02-05,1.983
2019-02-04,1.983
2019-02-03,1.983
2019-02-02,1.983
2019-02-01,1.983
2019-01-31,2.002
2019-01-30,2.056
2019-01-29,2.031
2019-01-28,2.021
2019-01-27,2.002
2019-01-26,2.002
2019-01-25,2.006
2019-01-24,1.993
2019-01-23,1.983
2019-01-22,1.999
2019-01-21,2.025
2019-01-20,2.012
2019-01-19,2.012
2019-01-18,2.004
2019-01-17,1.974
2019-01-16,1.982
2019-01-15,1.968
2019-01-14,1.975
2019-01-13,1.995
2019-01-12,1.995
2019-01-11,1.99
2019-01-10,1.968
2019-01-09,1.987
2019-01-08,1.993
2019-01-07,1.975
2019-01-06,1.967
2019-01-05,1.967
2019-01-04,1.98
2019-01-03,1.951
2019-01-02,1.947
2019-01-01,1.956
2018-12-31,1.956
2018-12-30,1.956
2018-12-28,1.937
2018-12-27,1.943
2018-12-26,1.95
2018-12-25,1.99
2018-12-24,1.99
2018-12-23,1.975
2018-12-22,1.975
2018-12-21,1.97
2018-12-20,1.931
2018-12-19,1.938
2018-12-18,1.983
2018-12-17,2.004
2018-12-16,2
2018-12-15,2
2018-12-14,2.002
2018-12-13,2.017
2018-12-12,2.01
2018-12-11,1.98
2018-12-10,1.978
2018-12-09,1.982
2018-12-08,1.982
2018-12-07,1.982
2018-12-06,1.982
2018-12-05,2.058
2018-12-04,2.102
2018-12-03,2.129
2018-12-02,2.11
2018-12-01,2.11
2018-11-30,2.105
2018-11-29,2.112
2018-11-28,2.156
2018-11-27,2.15
2018-11-26,2.166
2018-11-25,2.165
2018-11-24,2.165
2018-11-23,2.169
2018-11-22,2.206
2018-11-21,2.207
2018-11-20,2.206
2018-11-19,2.202
2018-11-18,2.22
2018-11-16,2.22
2018-11-15,2.231
2018-11-14,2.193
2018-11-13,2.218
2018-11-12,2.21
2018-11-11,2.225
2018-11-09,2.237
2018-11-08,2.259
2018-11-07,2.265
2018-11-06,2.293
2018-11-05,2.287
2018-11-04,2.28
2018-11-03,2.28
2018-11-02,2.285
2018-11-01,2.252
2018-10-31,2.241
2018-10-30,2.22
2018-10-29,2.179
2018-10-28,2.252
2018-10-27,2.252
2018-10-26,2.244
2018-10-25,2.265
2018-10-24,2.31
2018-10-23,2.307
2018-10-22,2.344
2018-10-21,2.322
2018-10-20,2.322
2018-10-19,2.319
2018-10-18,2.292
2018-10-17,2.341
2018-10-16,2.381
2018-10-15,2.38
2018-10-14,2.4
2018-10-13,2.4
2018-10-12,2.4
2018-10-11,2.358
2018-10-10,2.413
2018-10-09,2.442
2018-10-08,2.455
2018-10-07,2.445
2018-10-06,2.445
2018-10-05,2.455
2018-10-04,2.446
2018-10-03,2.375
2018-10-02,2.369
2018-10-01,2.384
2018-09-30,2.355
2018-09-29,2.355
2018-09-28,2.358
2018-09-27,2.376
2018-09-26,2.41
2018-09-25,2.41
2018-09-24,2.41
2018-09-23,2.41
2018-09-22,2.41
2018-09-21,2.414
2018-09-20,2.426
2018-09-19,2.37
2018-09-18,2.341
2018-09-17,2.314
2018-09-16,2.31
2018-09-15,2.31
2018-09-14,2.308
2018-09-13,2.259
2018-09-12,2.255
2018-09-11,2.274
2018-09-10,2.26
2018-09-09,2.262
2018-09-08,2.262
2018-09-07,2.27
2018-09-06,2.271
2018-09-05,2.276
2018-09-04,2.297
2018-09-03,2.291
2018-09-02,2.31
2018-09-01,2.31
2018-08-31,2.312
2018-08-30,2.367
2018-08-29,2.362
2018-08-28,2.353
2018-08-27,2.372
2018-08-26,2.377
2018-08-25,2.377
2018-08-24,2.381
2018-08-23,2.395
2018-08-22,2.398
2018-08-21,2.381
2018-08-20,2.406
2018-08-19,2.427
2018-08-18,2.427
2018-08-17,2.435
2018-08-16,2.475
2018-08-15,2.495
2018-08-14,2.506
2018-08-13,2.506
2018-08-12,2.496
2018-08-11,2.496
2018-08-10,2.488
2018-08-09,2.521
2018-08-08,2.558
2018-08-07,2.557
2018-08-06,2.561
2018-08-05,2.575
2018-08-04,2.575
2018-08-03,2.582
2018-08-02,2.574
2018-08-01,2.593
2018-07-31,2.54
2018-07-30,2.573
2018-07-29,2.57
2018-07-28,2.57
2018-07-27,2.572
2018-07-26,2.55
2018-07-25,2.547
2018-07-24,2.575
2018-07-23,2.535
2018-07-22,2.522
2018-07-21,2.522
2018-07-20,2.522
2018-07-19,2.539
2018-07-18,2.53
2018-07-17,2.552
2018-07-16,2.547
2018-07-15,2.557
2018-07-14,2.557
2018-07-13,2.556
2018-07-12,2.535
2018-07-11,2.52
2018-07-10,2.555
2018-07-09,2.559
2018-07-08,2.555
2018-07-07,2.555
2018-07-06,2.557
2018-07-05,2.545
2018-07-04,2.547
2018-07-03,2.577
2018-07-02,2.531
2018-07-01,2.555
2018-06-30,2.555
2018-06-29,2.555
2018-06-28,2.554
2018-06-27,2.576
2018-06-26,2.62
2018-06-25,2.608
2018-06-24,2.613
2018-06-23,2.613
2018-06-22,2.607
2018-06-21,2.594
2018-06-20,2.619
2018-06-19,2.62
2018-06-18,2.65
2018-06-17,2.677
2018-06-16,2.677
2018-06-15,2.671
2018-06-14,2.711
2018-06-13,2.715
2018-06-12,2.721
2018-06-11,2.732
2018-06-10,2.706
2018-06-09,2.706
2018-06-08,2.72
2018-06-07,2.75
2018-06-06,2.717
2018-06-05,2.716
2018-06-04,2.733
2018-06-03,2.702
2018-06-02,2.702
2018-06-01,2.703
2018-05-31,2.694
2018-05-30,2.696
2018-05-29,2.697
2018-05-28,2.727
2018-05-27,2.72
2018-05-26,2.72
2018-05-25,2.712
2018-05-24,2.719
2018-05-23,2.755
2018-05-22,2.765
2018-05-21,2.769
2018-05-20,2.75
2018-05-19,2.75
2018-05-18,2.772
2018-05-17,2.794
2018-05-16,2.8
2018-05-15,2.816
2018-05-14,2.796
2018-05-12,2.785
2018-05-11,2.785
2018-05-10,2.771
2018-05-09,2.805
2018-05-08,2.787
2018-05-05,2.762
2018-05-04,2.761
2018-05-03,2.75
2018-05-02,2.751
2018-05-01,2.717
2018-04-30,2.712
2018-04-29,2.695
2018-04-28,2.695
2018-04-27,2.7
2018-04-26,2.751
2018-04-25,2.76
2018-04-24,2.727
2018-04-23,2.726
2018-04-22,2.665
2018-04-21,2.665
2018-04-20,2.672
2018-04-19,2.649
2018-04-18,2.656
2018-04-17,2.636
2018-04-16,2.625
2018-04-15,2.607
2018-04-14,2.607
2018-04-13,2.598
2018-04-12,2.581
2018-04-11,2.596
2018-04-10,2.622
2018-04-09,2.613
2018-04-07,2.602
2018-04-06,2.607
2018-04-05,2.632
2018-04-04,2.618
2018-04-03,2.634
2018-04-02,2.644
2018-03-31,2.622
2018-03-30,2.624
2018-03-29,2.642
2018-03-28,2.639
2018-03-27,2.677
2018-03-26,2.687
2018-03-24,2.65
2018-03-23,2.648
2018-03-22,2.694
2018-03-21,2.723
2018-03-20,2.732
2018-03-19,2.724
2018-03-17,2.715
2018-03-16,2.712
2018-03-15,2.703
2018-03-14,2.711
2018-03-13,2.746
2018-03-12,2.759
2018-03-10,2.747
2018-03-09,2.743
2018-03-08,2.73
2018-03-07,2.727
2018-03-06,2.759
2018-03-05,2.737
2018-03-03,2.755
2018-03-02,2.735
2018-03-01,2.735
2018-02-28,2.736
2018-02-27,2.729
2018-02-26,2.763
2018-02-24,2.797
2018-02-23,2.792
2018-02-22,2.804
2018-02-21,2.801
2018-02-20,2.806
2018-02-19,2.798
2018-02-18,2.752
2018-02-15,2.752
2018-02-14,2.763
2018-02-13,2.78
2018-02-12,2.806
2018-02-10,2.767
2018-02-09,2.757
2018-02-08,2.744
2018-02-07,2.718
2018-02-06,2.748
2018-02-05,2.804
2018-02-03,2.752
2018-02-02,2.756
2018-02-01,2.756
2018-01-31,2.769
2018-01-30,2.781
2018-01-29,2.744
2018-01-27,2.68
2018-01-26,2.679
2018-01-25,2.659
2018-01-24,2.643
2018-01-23,2.658
2018-01-22,2.649
2018-01-20,2.64
2018-01-19,2.636
2018-01-18,2.621
2018-01-17,2.637
2018-01-16,2.642
2018-01-15,2.657
2018-01-13,2.617
2018-01-12,2.623
2018-01-11,2.589
2018-01-10,2.638
2018-01-09,2.564
2018-01-08,2.542
2018-01-06,2.515
2018-01-05,2.519
2018-01-04,2.523
2018-01-03,2.508
2018-01-02,2.488
2017-12-29,2.467
2017-12-28,2.47
2017-12-27,2.494
2017-12-26,2.491
2017-12-23,2.49
2017-12-22,2.496
2017-12-21,2.485
2017-12-20,2.467
2017-12-19,2.451
2017-12-18,2.432
2017-12-16,2.43
2017-12-15,2.433
2017-12-14,2.45
2017-12-13,2.452
2017-12-12,2.456
2017-12-11,2.483
2017-12-09,2.48
2017-12-08,2.485
2017-12-07,2.484
2017-12-06,2.464
2017-12-05,2.502
2017-12-04,2.487
2017-12-02,2.485
2017-12-01,2.491
2017-11-30,2.475
2017-11-29,2.482
2017-11-28,2.478
2017-11-27,2.531
2017-11-25,2.54
2017-11-24,2.537
2017-11-23,2.52
2017-11-22,2.541
2017-11-21,2.542
2017-11-20,2.547
2017-11-18,2.57
2017-11-17,2.57
2017-11-16,2.56
2017-11-15,2.571
2017-11-14,2.61
2017-11-13,2.582
2017-11-11,2.57
2017-11-10,2.561
2017-11-09,2.537
2017-11-08,2.543
2017-11-07,2.541
2017-11-06,2.549
2017-11-04,2.532
2017-11-03,2.525
2017-11-02,2.529
2017-11-01,2.547
2017-10-31,2.568
2017-10-30,2.521
2017-10-29,2.535
2017-10-28,2.535
2017-10-27,2.539
2017-10-26,2.543
2017-10-25,2.503
2017-10-24,2.456
2017-10-23,2.461
2017-10-22,2.47
2017-10-21,2.47
2017-10-20,2.471
2017-10-19,2.429
2017-10-18,2.392
2017-10-17,2.401
2017-10-16,2.395
2017-10-14,2.39
2017-10-13,2.391
2017-10-12,2.389
2017-10-11,2.418
2017-10-10,2.418
2017-10-09,2.37
2017-10-03,2.37
2017-10-02,2.37
2017-09-30,2.37
2017-09-29,2.375
2017-09-28,2.392
2017-09-27,2.359
2017-09-26,2.31
2017-09-25,2.269
2017-09-23,2.262
2017-09-22,2.268
2017-09-21,2.28
2017-09-20,2.284
2017-09-19,2.292
2017-09-18,2.264
2017-09-16,2.25
2017-09-15,2.248
2017-09-14,2.244
2017-09-13,2.241
2017-09-12,2.251
2017-09-11,2.25
2017-09-10,2.235
2017-09-08,2.24
2017-09-07,2.274
2017-09-06,2.28
2017-09-05,2.308
2017-09-04,2.308
2017-09-02,2.277
2017-09-01,2.27
2017-08-31,2.261
2017-08-30,2.244
2017-08-29,2.262
2017-08-28,2.253
2017-08-26,2.252
2017-08-25,2.253
2017-08-24,2.287
2017-08-23,2.302
2017-08-22,2.304
2017-08-21,2.301
2017-08-19,2.317
2017-08-18,2.312
2017-08-17,2.32
2017-08-16,2.334
2017-08-15,2.303
2017-08-14,2.3
2017-08-12,2.295
2017-08-11,2.303
2017-08-10,2.328
2017-08-09,2.339
2017-08-08,2.318
2017-08-07,2.28
2017-08-06,2.253
2017-08-05,2.253
2017-08-04,2.249
2017-08-03,2.249
2017-08-02,2.244
2017-08-01,2.258
2017-07-31,2.225
2017-07-29,2.225
2017-07-28,2.234
2017-07-27,2.213
2017-07-26,2.249
2017-07-25,2.203
2017-07-24,2.22
2017-07-23,2.22
2017-07-22,2.22
2017-07-21,2.218
2017-07-20,2.236
2017-07-19,2.259
2017-07-18,2.25
2017-07-17,2.275
2017-07-16,2.247
2017-07-15,2.247
2017-07-14,2.252
2017-07-13,2.234
2017-07-12,2.268
2017-07-11,2.278
2017-07-10,2.293
2017-07-08,2.317
2017-07-07,2.327
2017-07-06,2.281
2017-07-05,2.278
2017-07-04,2.279
2017-07-03,2.235
2017-07-02,2.212
2017-07-01,2.212
2017-06-30,2.214
2017-06-29,2.184
2017-06-28,2.178
2017-06-27,2.119
2017-06-26,2.125
2017-06-25,2.13
2017-06-24,2.13
2017-06-23,2.129
2017-06-22,2.135
2017-06-21,2.139
2017-06-20,2.142
2017-06-19,2.158
2017-06-17,2.159
2017-06-16,2.152
2017-06-15,2.123
2017-06-14,2.174
2017-06-13,2.177
2017-06-12,2.224
2017-06-09,2.165
2017-06-08,2.173
2017-06-07,2.16
2017-06-06,2.175
2017-06-05,2.177
2017-06-03,2.197
2017-06-02,2.209
2017-06-01,2.212
2017-05-31,2.222
2017-05-30,2.223
2017-05-29,2.246
2017-05-27,2.235
2017-05-26,2.237
2017-05-25,2.259
2017-05-24,2.269
2017-05-23,2.255
2017-05-22,2.27
2017-05-20,2.232
2017-05-19,2.247
2017-05-18,2.255
2017-05-17,2.254
2017-05-16,2.298
2017-05-15,2.297
2017-05-13,2.292
2017-05-12,2.287
2017-05-11,2.306
2017-05-10,2.297
2017-05-09,2.237
2017-05-08,2.245
2017-05-07,2.212
2017-05-05,2.212
2017-05-04,2.21
2017-05-03,2.237
2017-05-02,2.24
2017-04-29,2.192
2017-04-28,2.2
2017-04-27,2.196
2017-04-26,2.208
2017-04-25,2.194
2017-04-24,2.205
2017-04-22,2.167
2017-04-21,2.165
2017-04-20,2.145
2017-04-19,2.142
2017-04-18,2.172
2017-04-17,2.17
2017-04-15,2.184
2017-04-14,2.194
2017-04-13,2.172
2017-04-12,2.205
2017-04-11,2.204
2017-04-10,2.253
2017-04-08,2.197
2017-04-07,2.19
2017-04-06,2.182
2017-04-05,2.141
2017-04-04,2.139
2017-04-03,2.178
2017-04-01,2.187
2017-03-31,2.172
2017-03-30,2.184
2017-03-29,2.159
2017-03-28,2.161
2017-03-27,2.149
2017-03-26,2.185
2017-03-25,2.185
2017-03-24,2.175
2017-03-23,2.15
2017-03-22,2.152
2017-03-21,2.188
2017-03-20,2.186
2017-03-18,2.167
2017-03-17,2.178
2017-03-16,2.175
2017-03-15,2.268
2017-03-14,2.29
2017-03-13,2.297
2017-03-11,2.307
2017-03-10,2.319
2017-03-09,2.317
2017-03-08,2.302
2017-03-07,2.313
2017-03-06,2.262
2017-03-04,2.22
2017-03-03,2.232
2017-03-02,2.225
2017-03-01,2.157
2017-02-28,2.162
2017-02-27,2.17
2017-02-25,2.172
2017-02-24,2.175
2017-02-23,2.202
2017-02-22,2.246
2017-02-21,2.203
2017-02-20,2.184
2017-02-18,2.14
2017-02-17,2.136
2017-02-16,2.144
2017-02-15,2.151
2017-02-14,2.135
2017-02-13,2.151
2017-02-11,2.141
2017-02-10,2.15
2017-02-09,2.124
2017-02-08,2.131
2017-02-07,2.136
2017-02-06,2.154
2017-02-04,2.18
2017-02-03,2.185
2017-02-02,2.155
2017-02-01,2.174
2017-01-31,2.153
2017-01-27,2.187
2017-01-26,2.191
2017-01-25,2.134
2017-01-24,2.103
2017-01-23,2.126
2017-01-21,2.12
2017-01-20,2.126
2017-01-19,2.169
2017-01-18,2.125
2017-01-17,2.101
2017-01-16,2.119
2017-01-14,2.085
2017-01-13,2.094
2017-01-12,2.067
2017-01-11,2.128
2017-01-10,2.101
2017-01-09,2.132
2017-01-07,2.102
2017-01-06,2.084
2017-01-05,2.064
2017-01-04,2.097
2017-01-03,2.061
2017-01-02,2.054
2016-12-30,2.092
2016-12-29,2.058
2016-12-28,2.084
2016-12-27,2.112
2016-12-26,2.114
2016-12-24,2.115
2016-12-23,2.119
2016-12-22,2.098
2016-12-21,2.11
2016-12-20,2.162
2016-12-19,2.167
2016-12-17,2.16
2016-12-16,2.166
2016-12-15,2.195
2016-12-14,2.13
2016-12-13,2.199
2016-12-12,2.271
2016-12-09,2.205
2016-12-08,2.164
2016-12-07,2.2
2016-12-06,2.205
2016-12-05,2.19
2016-12-03,2.26
2016-12-02,2.259
2016-12-01,2.202
2016-11-30,2.146
2016-11-29,2.14
2016-11-28,2.153
2016-11-26,2.185
2016-11-25,2.185
2016-11-24,2.179
2016-11-23,2.139
2016-11-22,2.127
2016-11-21,2.121
2016-11-19,2.136
2016-11-18,2.135
2016-11-17,2.085
2016-11-16,2.1
2016-11-15,2.045
2016-11-14,2.062
2016-11-12,1.95
2016-11-11,1.939
2016-11-10,1.821
2016-11-09,1.682
2016-11-08,1.702
2016-11-07,1.707
2016-11-05,1.71
2016-11-04,1.696
2016-11-03,1.68
2016-11-02,1.692
2016-11-01,1.731
2016-10-31,1.683
2016-10-29,1.722
2016-10-28,1.719
2016-10-27,1.667
2016-10-26,1.631
2016-10-25,1.638
2016-10-24,1.607
2016-10-22,1.637
2016-10-21,1.626
2016-10-20,1.61
2016-10-19,1.613
2016-10-18,1.616
2016-10-17,1.615
2016-10-15,1.557
2016-10-14,1.55
2016-10-13,1.543
2016-10-12,1.59
2016-10-11,1.616
2016-10-10,1.548
2016-10-08,1.53
2016-10-07,1.53
2016-10-06,1.542
2016-10-05,1.511
2016-10-04,1.455
2016-10-01,1.424
2016-09-30,1.401
2016-09-29,1.455
2016-09-28,1.467
2016-09-27,1.494
2016-09-26,1.496
2016-09-25,1.502
2016-09-24,1.502
2016-09-23,1.5
2016-09-22,1.517
2016-09-21,1.595
2016-09-20,1.576
2016-09-19,1.583
2016-09-17,1.565
2016-09-14,1.565
2016-09-13,1.573
2016-09-12,1.565
2016-09-10,1.508
2016-09-09,1.511
2016-09-08,1.47
2016-09-07,1.458
2016-09-06,1.506
2016-09-05,1.512
2016-09-04,1.522
2016-09-03,1.522
2016-09-02,1.53
2016-09-01,1.526
2016-08-31,1.478
2016-08-30,1.452
2016-08-29,1.445
2016-08-27,1.415
2016-08-26,1.423
2016-08-25,1.421
2016-08-24,1.418
2016-08-23,1.422
2016-08-22,1.435
2016-08-20,1.425
2016-08-19,1.422
2016-08-18,1.416
2016-08-17,1.435
2016-08-16,1.395
2016-08-14,1.398
2016-08-13,1.398
2016-08-12,1.41
2016-08-11,1.396
2016-08-10,1.39
2016-08-09,1.427
2016-08-08,1.433
2016-08-06,1.392
2016-08-05,1.388
2016-08-04,1.41
2016-08-03,1.425
2016-08-02,1.379
2016-08-01,1.363
2016-07-30,1.382
2016-07-29,1.388
2016-07-28,1.359
2016-07-27,1.404
2016-07-26,1.411
2016-07-25,1.424
2016-07-23,1.415
2016-07-22,1.418
2016-07-21,1.438
2016-07-20,1.419
2016-07-19,1.428
2016-07-18,1.415
2016-07-16,1.39
2016-07-15,1.396
2016-07-14,1.367
2016-07-13,1.391
2016-07-12,1.393
2016-07-11,1.381
2016-07-10,1.387
2016-07-09,1.387
2016-07-08,1.375
2016-07-07,1.379
2016-07-06,1.389
2016-07-05,1.419
2016-07-04,1.412
2016-07-02,1.398
2016-07-01,1.41
2016-06-30,1.468
2016-06-29,1.464
2016-06-28,1.485
2016-06-27,1.481
2016-06-26,1.5
2016-06-25,1.5
2016-06-24,1.497
2016-06-23,1.631
2016-06-22,1.64
2016-06-21,1.624
2016-06-20,1.637
2016-06-18,1.597
2016-06-17,1.598
2016-06-16,1.582
2016-06-15,1.622
2016-06-14,1.632
2016-06-13,1.618
2016-06-11,1.652
2016-06-10,1.641
2016-06-09,1.663
2016-06-08,1.702
2016-06-07,1.712
2016-06-06,1.737
2016-06-04,1.737
2016-06-03,1.743
2016-06-02,1.763
2016-06-01,1.76
2016-05-31,1.812
2016-05-30,1.811
2016-05-28,1.775
2016-05-27,1.781
2016-05-26,1.789
2016-05-25,1.784
2016-05-24,1.77
2016-05-23,1.803
2016-05-21,1.8
2016-05-20,1.805
2016-05-19,1.834
2016-05-18,1.806
2016-05-17,1.792
2016-05-16,1.77
2016-05-14,1.765
2016-05-13,1.767
2016-05-12,1.764
2016-05-11,1.767
2016-05-10,1.767
2016-05-09,1.757
2016-05-06,1.774
2016-05-05,1.774
2016-05-04,1.772
2016-05-03,1.794
2016-05-02,1.808
2016-05-01,1.795
2016-04-30,1.795
2016-04-29,1.793
2016-04-28,1.799
2016-04-27,1.809
2016-04-26,1.82
2016-04-25,1.829
2016-04-23,1.83
2016-04-22,1.819
2016-04-21,1.823
2016-04-20,1.806
2016-04-19,1.85
2016-04-18,1.841
2016-04-16,1.838
2016-04-15,1.842
2016-04-14,1.848
2016-04-13,1.787
2016-04-12,1.796
2016-04-11,1.794
2016-04-09,1.795
2016-04-08,1.798
2016-04-07,1.799
2016-04-06,1.787
2016-04-05,1.789
2016-04-04,1.768
2016-04-02,1.795
2016-04-01,1.79
2016-03-31,1.787
2016-03-30,1.774
2016-03-29,1.805
2016-03-28,1.84
2016-03-27,1.832
2016-03-25,1.835
2016-03-24,1.844
2016-03-23,1.88
2016-03-22,1.844
2016-03-21,1.823
2016-03-19,1.832
2016-03-18,1.826
2016-03-17,1.863
2016-03-16,1.918
2016-03-15,1.919
2016-03-14,1.913
2016-03-12,1.922
2016-03-11,1.916
2016-03-10,1.863
2016-03-09,1.843
2016-03-08,1.847
2016-03-07,1.872
2016-03-05,1.877
2016-03-04,1.887
2016-03-03,1.862
2016-03-02,1.826
2016-03-01,1.787
2016-02-29,1.786
2016-02-27,1.775
2016-02-26,1.78
2016-02-25,1.811
2016-02-24,1.817
2016-02-23,1.834
2016-02-22,1.827
2016-02-20,1.815
2016-02-19,1.811
2016-02-18,1.804
2016-02-17,1.787
2016-02-16,1.78
2016-02-15,1.822
2016-02-14,1.797
2016-02-13,1.797
2016-02-12,1.811
2016-02-11,1.764
2016-02-06,1.88
2016-02-05,1.88
2016-02-04,1.871
2016-02-03,1.865
2016-02-02,1.924
2016-02-01,1.922
2016-01-30,1.98
2016-01-29,1.98
2016-01-28,2.015
2016-01-27,2.011
2016-01-26,1.99
2016-01-25,2.019
2016-01-23,2.035
2016-01-22,2.041
2016-01-21,1.994
2016-01-20,2.01
2016-01-19,2.068
2016-01-18,2.04
2016-01-16,2.02
2016-01-15,2.023
2016-01-14,2.028
2016-01-13,2.023
2016-01-12,2.046
2016-01-11,2.021
2016-01-10,2.057
2016-01-09,2.057
2016-01-08,2.057
2016-01-07,2.019
2016-01-06,2.037
2016-01-05,2.062
2016-01-04,2.035
2015-12-31,2.085
2015-12-30,2.068
2015-12-29,2.059
2015-12-28,2.092
2015-12-25,2.097
2015-12-24,2.096
2015-12-23,2.107
2015-12-22,2.115
2015-12-21,2.095
2015-12-19,2.122
2015-12-18,2.108
2015-12-17,2.164
2015-12-16,2.219
2015-12-15,2.222
2015-12-14,2.218
2015-12-13,2.243
2015-12-11,2.24
2015-12-10,2.229
2015-12-09,2.215
2015-12-08,2.238
2015-12-07,2.296
2015-12-05,2.3
2015-12-04,2.315
2015-12-03,2.264
2015-12-02,2.254
2015-12-01,2.271
2015-11-30,2.249
2015-11-29,2.267
2015-11-27,2.272
2015-11-26,2.239
2015-11-25,2.254
2015-11-24,2.277
2015-11-23,2.291
2015-11-22,2.267
2015-11-21,2.267
2015-11-20,2.254
2015-11-19,2.265
2015-11-18,2.292
2015-11-17,2.304
2015-11-16,2.28
2015-11-14,2.33
2015-11-13,2.335
2015-11-12,2.322
2015-11-11,2.321
2015-11-10,2.282
2015-11-09,2.281
2015-11-07,2.21
2015-11-06,2.199
2015-11-05,2.16
2015-11-04,2.175
2015-11-03,2.152
2015-11-02,2.111
2015-10-31,2.112
2015-10-30,2.107
2015-10-29,2.054
2015-10-28,2.041
2015-10-27,2.06
2015-10-26,2.096
2015-10-24,2.102
2015-10-23,2.108
2015-10-22,2.12
2015-10-21,2.11
2015-10-20,2.096
2015-10-19,2.085
2015-10-18,2.062
2015-10-17,2.062
2015-10-16,2.065
2015-10-15,2.071
2015-10-14,2.134
2015-10-13,2.137
2015-10-12,2.137
2015-10-09,2.09
2015-10-08,2.097
2015-10-07,2.085
2015-10-06,2.06
2015-10-05,2.045
2015-10-03,2.082
2015-10-02,2.084
2015-10-01,2.106
2015-09-30,2.056
2015-09-27,2.132
2015-09-26,2.132
2015-09-25,2.13
2015-09-24,2.161
2015-09-23,2.133
2015-09-22,2.157
2015-09-21,2.16
2015-09-20,2.192
2015-09-18,2.19
2015-09-17,2.281
2015-09-16,2.272
2015-09-15,2.254
2015-09-14,2.269
2015-09-12,2.235
2015-09-11,2.237
2015-09-10,2.236
2015-09-09,2.249
2015-09-08,2.238
2015-09-07,2.224
2015-09-05,2.24
2015-09-04,2.243
2015-09-03,2.272
2015-09-02,2.256
2015-09-01,2.317
2015-08-31,2.29
2015-08-29,2.285
2015-08-28,2.299
2015-08-27,2.264
2015-08-26,2.256
2015-08-25,2.221
2015-08-24,2.205
2015-08-23,2.252
2015-08-22,2.252
2015-08-21,2.258
2015-08-20,2.281
2015-08-19,2.307
2015-08-18,2.272
2015-08-17,2.285
2015-08-14,2.29
2015-08-13,2.295
2015-08-12,2.266
2015-08-11,2.326
2015-08-10,2.36
2015-08-09,2.412
2015-08-08,2.412
2015-08-07,2.42
2015-08-06,2.416
2015-08-05,2.433
2015-08-04,2.405
2015-08-03,2.403
2015-08-02,2.425
2015-08-01,2.425
2015-07-31,2.425
2015-07-30,2.39
2015-07-29,2.369
2015-07-28,2.392
2015-07-27,2.344
2015-07-25,2.335
2015-07-24,2.33
2015-07-23,2.362
2015-07-22,2.433
2015-07-21,2.456
2015-07-20,2.468
2015-07-19,2.467
2015-07-18,2.467
2015-07-17,2.471
2015-07-16,2.479
2015-07-15,2.497
2015-07-14,2.505
2015-07-13,2.511
2015-07-11,2.502
2015-07-10,2.502
2015-07-09,2.483
2015-07-08,2.479
2015-07-07,2.494
2015-07-06,2.465
2015-07-05,2.52
2015-07-04,2.52
2015-07-03,2.525
2015-07-02,2.529
2015-07-01,2.468
2015-06-30,2.442
2015-06-29,2.455
2015-06-27,2.495
2015-06-26,2.482
2015-06-25,2.471
2015-06-24,2.483
2015-06-23,2.481
2015-06-22,2.5
2015-06-21,2.445
2015-06-20,2.445
2015-06-19,2.438
2015-06-18,2.518
2015-06-17,2.559
2015-06-16,2.512
2015-06-15,2.499
2015-06-13,2.456
2015-06-12,2.478
2015-06-11,2.519
2015-06-10,2.483
2015-06-09,2.442
2015-06-08,2.489
2015-06-07,2.466
2015-06-06,2.466
2015-06-05,2.475
2015-06-04,2.478
2015-06-03,2.42
2015-06-02,2.322
2015-06-01,2.342
2015-05-31,2.305
2015-05-30,2.305
2015-05-29,2.313
2015-05-28,2.411
2015-05-27,2.442
2015-05-26,2.484
2015-05-23,2.477
2015-05-22,2.49
2015-05-21,2.503
2015-05-20,2.485
2015-05-19,2.556
2015-05-18,2.513
2015-05-17,2.507
2015-05-16,2.507
2015-05-15,2.542
2015-05-14,2.502
2015-05-13,2.545
2015-05-12,2.593
2015-05-11,2.457
2015-05-09,2.399
2015-05-08,2.435
2015-05-07,2.555
2015-05-06,2.536
2015-05-05,2.495
2015-05-04,2.48
2015-05-01,2.424
2015-04-30,2.401
2015-04-29,2.396
2015-04-28,2.369
2015-04-27,2.294
2015-04-26,2.295
2015-04-25,2.295
2015-04-24,2.279
2015-04-23,2.266
2015-04-22,2.174
2015-04-21,2.173
2015-04-20,2.14
2015-04-19,2.115
2015-04-18,2.115
2015-04-17,2.105
2015-04-16,2.163
2015-04-15,2.122
2015-04-14,2.124
2015-04-13,2.1
2015-04-12,2.075
2015-04-11,2.075
2015-04-10,2.066
2015-04-09,2.082
2015-04-08,2.11
2015-04-07,2.106
2015-04-06,2.073
2015-04-05,2.085
2015-04-03,2.092
2015-04-02,2.127
2015-04-01,2.149
2015-03-31,2.163
2015-03-30,2.169
2015-03-28,2.175
2015-03-27,2.191
2015-03-26,2.18
2015-03-25,2.183
2015-03-24,2.195
2015-03-23,2.19
2015-03-21,2.207
2015-03-20,2.207
2015-03-19,2.22
2015-03-18,2.287
2015-03-17,2.32
2015-03-16,2.317
2015-03-14,2.357
2015-03-13,2.355
2015-03-12,2.335
2015-03-11,2.316
2015-03-10,2.385
2015-03-09,2.37
2015-03-07,2.332
2015-03-06,2.322
2015-03-05,2.354
2015-03-04,2.363
2015-03-03,2.351
2015-03-02,2.329
2015-02-28,2.355
2015-02-27,2.348
2015-02-26,2.367
2015-02-25,2.379
2015-02-24,2.43
2015-02-23,2.423
2015-02-19,2.38
2015-02-18,2.38
2015-02-17,2.384
2015-02-16,2.472
2015-02-15,2.397
2015-02-13,2.4
2015-02-12,2.41
2015-02-11,2.349
2015-02-10,2.366
2015-02-09,2.293
2015-02-07,2.267
2015-02-06,2.276
2015-02-05,2.278
2015-02-04,2.26
2015-02-03,2.213
2015-02-02,2.243
2015-02-01,2.24
2015-01-30,2.24
2015-01-29,2.224
2015-01-28,2.261
2015-01-27,2.3
2015-01-26,2.298
2015-01-24,2.332
2015-01-23,2.327
2015-01-22,2.407
2015-01-21,2.369
2015-01-20,2.36
2015-01-19,2.385
2015-01-17,2.345
2015-01-16,2.334
2015-01-15,2.447
2015-01-14,2.367
2015-01-13,2.428
2015-01-12,2.447
2015-01-10,2.537
2015-01-09,2.539
2015-01-08,2.559
2015-01-07,2.562
2015-01-06,2.552
2015-01-05,2.629
2015-01-03,2.655
2015-01-02,2.662
2014-12-31,2.605
2014-12-30,2.598
2014-12-29,2.61
2014-12-28,2.65
2014-12-27,2.65
2014-12-26,2.645
2014-12-25,2.649
2014-12-24,2.669
2014-12-23,2.686
2014-12-22,2.673
2014-12-20,2.717
2014-12-19,2.731
2014-12-18,2.721
2014-12-17,2.684
2014-12-16,2.67
2014-12-15,2.695
2014-12-14,2.696
2014-12-13,2.696
2014-12-12,2.695
2014-12-11,2.705
2014-12-10,2.759
2014-12-09,2.752
2014-12-08,2.788
2014-12-06,2.724
2014-12-05,2.728
2014-12-04,2.721
2014-12-03,2.68
2014-12-02,2.602
2014-12-01,2.6
2014-11-30,2.59
2014-11-29,2.59
2014-11-28,2.587
2014-11-27,2.637
2014-11-26,2.631
2014-11-25,2.649
2014-11-24,2.683
2014-11-22,2.73
2014-11-21,2.724
2014-11-20,2.713
2014-11-19,2.739
2014-11-18,2.746
2014-11-17,2.764
2014-11-16,2.775
2014-11-15,2.775
2014-11-14,2.774
2014-11-13,2.776
2014-11-12,2.755
2014-11-11,2.719
2014-11-10,2.686
2014-11-09,2.675
2014-11-07,2.665
2014-11-06,2.65
2014-11-05,2.636
2014-11-04,2.629
2014-11-03,2.657
2014-11-01,2.655
2014-10-31,2.643
2014-10-30,2.686
2014-10-29,2.707
2014-10-28,2.722
2014-10-27,2.721
2014-10-25,2.7
2014-10-24,2.698
2014-10-23,2.725
2014-10-22,2.759
2014-10-21,2.758
2014-10-20,2.779
2014-10-18,2.73
2014-10-17,2.736
2014-10-16,2.764
2014-10-15,2.822
2014-10-14,2.833
2014-10-13,2.824
2014-10-11,2.82
2014-10-10,2.817
2014-10-08,2.851
2014-10-07,2.85
2014-10-06,2.849
2014-10-02,2.839
2014-10-01,2.809
2014-09-30,2.86
2014-09-29,2.916
2014-09-27,2.942
2014-09-26,2.942
2014-09-25,2.963
2014-09-24,2.976
2014-09-23,2.983
2014-09-22,2.991
2014-09-19,3.025
2014-09-18,3.021
2014-09-17,3.039
2014-09-16,3.034
2014-09-15,3.049
2014-09-13,3.017
2014-09-12,3.017
2014-09-11,3.084
2014-09-05,3.075
2014-09-04,3.101
2014-09-03,3.103
2014-09-02,3.059
2014-09-01,3.037
2014-08-31,3.036
2014-08-29,3.036
2014-08-28,3.049
2014-08-27,3.038
2014-08-26,3.07
2014-08-25,3.11
2014-08-22,3.148
2014-08-21,3.144
2014-08-20,3.143
2014-08-19,3.149
2014-08-18,3.099
2014-08-17,3.065
2014-08-14,3.065
2014-08-13,3.07
2014-08-12,3.062
2014-08-11,3.039
2014-08-10,3.04
2014-08-08,3.04
2014-08-07,3.084
2014-08-06,3.103
2014-08-05,3.067
2014-08-04,3.101
2014-08-02,3.099
2014-08-01,3.099
2014-07-31,3.053
2014-07-30,3.033
2014-07-29,3.037
2014-07-28,3.009
2014-07-27,3.008
2014-07-25,3.008
2014-07-24,3.01
2014-07-23,2.972
2014-07-22,2.995
2014-07-21,2.999
2014-07-20,2.972
2014-07-18,2.972
2014-07-17,2.944
2014-07-16,3.033
2014-07-15,3.072
2014-07-14,3.072
2014-07-13,3.066
2014-07-12,3.066
2014-07-11,3.066
2014-07-10,3.081
2014-07-09,3.159
2014-07-08,3.153
2014-07-07,3.13
2014-07-04,3.119
2014-07-03,3.101
2014-07-02,3.107
2014-07-01,3.169
2014-06-30,3.164
2014-06-27,3.18
2014-06-26,3.211
2014-06-25,3.217
2014-06-24,3.212
2014-06-23,3.233
2014-06-20,3.22
2014-06-19,3.253
2014-06-18,3.305
2014-06-17,3.304
2014-06-16,3.318
2014-06-15,3.307
2014-06-13,3.307
2014-06-12,3.313
2014-06-11,3.359
2014-06-10,3.347
2014-06-09,3.383
2014-06-05,3.39
2014-06-03,3.375
2014-06-02,3.363
2014-05-30,3.34
2014-05-29,3.325
2014-05-28,3.362
2014-05-27,3.368
2014-05-26,3.373
2014-05-25,3.387
2014-05-23,3.387
2014-05-22,3.407
2014-05-21,3.375
2014-05-20,3.389
2014-05-19,3.383
2014-05-16,3.391
2014-05-15,3.375
2014-05-14,3.445
2014-05-13,3.455
2014-05-12,3.439
2014-05-09,3.43
2014-05-08,3.464
2014-05-07,3.469
2014-05-02,3.507
2014-04-30,3.528
2014-04-29,3.524
2014-04-28,3.527
2014-04-27,3.529
2014-04-25,3.529
2014-04-24,3.549
2014-04-23,3.546
2014-04-22,3.56
2014-04-21,3.562
2014-04-18,3.545
2014-04-17,3.518
2014-04-16,3.547
2014-04-15,3.539
2014-04-14,3.538
2014-04-11,3.529
2014-04-10,3.536
2014-04-09,3.518
2014-04-08,3.541
2014-04-07,3.525
2014-04-04,3.561
2014-04-03,3.56
2014-04-02,3.561
2014-04-01,3.542
2014-03-31,3.518
2014-03-28,3.514
2014-03-27,3.528
2014-03-26,3.547
2014-03-25,3.543
2014-03-24,3.561
2014-03-21,3.566
2014-03-20,3.539
2014-03-19,3.524
2014-03-18,3.535
2014-03-17,3.515
2014-03-14,3.475
2014-03-13,3.53
2014-03-12,3.54
2014-03-11,3.564
2014-03-10,3.572
2014-03-09,3.587
2014-03-07,3.587
2014-03-06,3.572
2014-03-05,3.569
2014-03-04,3.581
2014-03-03,3.56
2014-02-28,3.5
2014-02-27,3.49
2014-02-26,3.51
2014-02-25,3.5
2014-02-24,3.51
2014-02-21,3.52
2014-02-20,3.48
2014-02-19,3.49
2014-02-18,3.52
2014-02-17,3.49
2014-02-14,3.48
2014-02-13,3.5
2014-02-12,3.54
2014-02-11,3.52
2014-02-10,3.54
2014-02-07,3.56
2014-02-06,3.55
2014-02-05,3.54
2014-02-04,3.54
2014-02-03,3.6
2014-01-29,3.62
2014-01-28,3.6
2014-01-27,3.6
2014-01-24,3.59
2014-01-23,3.65
2014-01-22,3.68
2014-01-21,3.66
2014-01-20,3.65
2014-01-17,3.64
2014-01-16,3.65
2014-01-15,3.65
2014-01-14,3.62
2014-01-13,3.61
2014-01-10,3.64
2014-01-09,3.67
2014-01-08,3.64
2014-01-07,3.65
2014-01-06,3.66
2014-01-03,3.69
2014-01-02,3.67
2013-12-30,3.57
2013-12-27,3.54
2013-12-26,3.57
2013-12-25,3.58
2013-12-24,3.58
2013-12-23,3.58
2013-12-21,3.62
2013-12-20,3.62
2013-12-19,3.62
2013-12-18,3.61
2013-12-17,3.6
2013-12-16,3.64
2013-12-13,3.68
2013-12-12,3.71
2013-12-11,3.7
2013-12-10,3.69
2013-12-09,3.69
2013-12-06,3.73
2013-12-05,3.76
2013-12-04,3.72
2013-12-03,3.71
2013-12-02,3.72
2013-11-29,3.67
2013-11-28,3.64
2013-11-27,3.63
2013-11-26,3.62
2013-11-25,3.62
2013-11-22,3.65
2013-11-21,3.68
2013-11-20,3.63
2013-11-19,3.63
2013-11-18,3.58
2013-11-17,3.58
2013-11-15,3.58
2013-11-14,3.56
2013-11-13,3.56
2013-11-12,3.59
2013-11-11,3.58
2013-11-08,3.49
2013-11-07,3.51
2013-11-06,3.5
2013-11-05,3.5
2013-11-04,3.49
2013-11-03,3.45
2013-11-01,3.45
2013-10-31,3.39
2013-10-30,3.35
2013-10-29,3.39
2013-10-28,3.4
2013-10-27,3.36
2013-10-25,3.36
2013-10-24,3.38
2013-10-23,3.34
2013-10-22,3.44
2013-10-21,3.45
2013-10-18,3.44
2013-10-17,3.49
2013-10-16,3.52
2013-10-15,3.54
2013-10-14,3.54
2013-10-11,3.51
2013-10-10,3.51
2013-10-08,3.45
2013-10-07,3.42
2013-10-04,3.4
2013-10-02,3.41
2013-10-01,3.43
2013-09-30,3.42
2013-09-29,3.44
2013-09-27,3.44
2013-09-26,3.46
2013-09-25,3.38
2013-09-24,3.4
2013-09-23,3.4
2013-09-22,3.48
2013-09-17,3.48
2013-09-16,3.5
2013-09-15,3.58
2013-09-13,3.58
2013-09-12,3.54
2013-09-11,3.57
2013-09-10,3.61
2013-09-09,3.59
2013-09-08,3.7
2013-09-07,3.7
2013-09-06,3.7
2013-09-05,3.7
2013-09-04,3.64
2013-09-03,3.6
2013-09-02,3.56
2013-09-01,3.53
2013-08-30,3.53
2013-08-29,3.58
2013-08-28,3.59
2013-08-27,3.64
2013-08-26,3.66
2013-08-23,3.72
2013-08-22,3.73
2013-08-21,3.67
2013-08-20,3.64
2013-08-19,3.75
2013-08-16,3.7
2013-08-14,3.66
2013-08-13,3.56
2013-08-12,3.53
2013-08-11,3.58
2013-08-10,3.58
2013-08-09,3.58
2013-08-08,3.58
2013-08-07,3.59
2013-08-06,3.51
2013-08-05,3.51
2013-08-02,3.58
2013-08-01,3.49
2013-07-31,3.5
2013-07-30,3.46
2013-07-29,3.47
2013-07-26,3.52
2013-07-25,3.52
2013-07-24,3.43
2013-07-23,3.4
2013-07-22,3.4
2013-07-19,3.4
2013-07-18,3.42
2013-07-17,3.46
2013-07-16,3.44
2013-07-15,3.43
2013-07-12,3.39
2013-07-11,3.37
2013-07-10,3.51
2013-07-09,3.59
2013-07-08,3.61
2013-07-05,3.51
2013-07-04,3.46
2013-07-03,3.47
2013-07-02,3.42
2013-07-01,3.51
2013-06-28,3.41
2013-06-27,3.42
2013-06-26,3.51
2013-06-25,3.57
2013-06-24,3.69
2013-06-23,3.52
2013-06-21,3.52
2013-06-20,3.39
2013-06-19,3.22
2013-06-18,3.21
2013-06-17,3.25
2013-06-16,3.2
2013-06-14,3.2
2013-06-13,3.27
2013-06-12,3.29
2013-06-11,3.16
2013-06-10,3.16
2013-06-08,3.13
2013-06-07,3.13
2013-06-05,3.16
2013-06-04,3.11
2013-06-03,3.12
2013-05-31,3.1
2013-05-30,3.04
2013-05-29,3.04
2013-05-28,2.94
2013-05-27,2.92
2013-05-25,2.94
2013-05-24,2.94
2013-05-23,2.93
2013-05-22,2.94
2013-05-21,2.92
2013-05-20,2.92
2013-05-16,2.88
2013-05-15,2.89
2013-05-14,2.87
2013-05-13,2.89
2013-05-10,2.86
2013-05-09,2.84
2013-05-08,2.83
2013-05-07,2.8
2013-05-06,2.8
2013-05-03,2.73
2013-05-02,2.72
2013-04-30,2.78
2013-04-29,2.79
2013-04-26,2.8
2013-04-25,2.82
2013-04-24,2.85
2013-04-23,2.85
2013-04-22,2.87
2013-04-19,2.86
2013-04-18,2.87
2013-04-17,2.9
2013-04-16,2.89
2013-04-15,2.97
2013-04-12,2.97
2013-04-11,2.91
2013-04-10,2.79
2013-04-09,2.79
2013-04-08,2.76
2013-04-05,2.75
2013-04-04,2.77
2013-04-03,2.78
2013-04-02,2.8
2013-04-01,2.81
2013-03-29,2.8
2013-03-28,2.77
2013-03-27,2.86
2013-03-26,2.87
2013-03-25,2.87
2013-03-22,2.87
2013-03-21,2.89
2013-03-20,2.89
2013-03-19,2.87
2013-03-18,2.9
2013-03-17,2.93
2013-03-15,2.93
2013-03-14,2.97
2013-03-13,2.95
2013-03-12,2.95
2013-03-11,3.01
2013-03-08,2.99
2013-03-07,2.99
2013-03-06,2.94
2013-03-05,2.93
2013-03-04,2.94
2013-02-28,2.94
2013-02-27,2.93
2013-02-26,2.97
2013-02-25,3.01
2013-02-22,3.03
2013-02-21,3.02
2013-02-20,3.04
2013-02-19,3.03
2013-02-18,3.06
2013-02-17,3.07
2013-02-15,3.07
2013-02-14,3.08
2013-02-13,3.07
2013-02-12,3.03
2013-02-09,3.06
2013-02-08,3.06
2013-02-07,3.05
2013-02-06,3.07
2013-02-05,3.07
2013-02-04,3.11
2013-02-01,3.12
2013-01-31,3.1
2013-01-30,3.1
2013-01-29,3.05
2013-01-28,3.02
2013-01-25,2.99
2013-01-24,3
2013-01-23,3.01
2013-01-22,3.01
2013-01-21,3.02
2013-01-18,3.02
2013-01-17,2.99
2013-01-16,3.01
2013-01-15,3.01
2013-01-14,3.04
2013-01-13,3.04
2013-01-11,3.04
2013-01-10,3.01
2013-01-09,3.04
2013-01-08,3.04
2013-01-07,3.11
2013-01-04,3.12
2013-01-03,3.13
2013-01-02,3.18
2013-01-01,3.15
2012-12-30,3.15
2012-12-28,3.15
2012-12-27,3.21
2012-12-26,3.23
2012-12-24,3.2
2012-12-23,3.17
2012-12-22,3.17
2012-12-21,3.17
2012-12-20,3.2
2012-12-18,3.19
2012-12-17,3.15
2012-12-14,3.14
2012-12-13,3.14
2012-12-12,3.1
2012-12-11,3.09
2012-12-10,3.08
2012-12-07,3.05
2012-12-06,3.08
2012-12-05,3.08
2012-12-04,3.03
2012-12-03,3.03
2012-11-30,3.02
2012-11-29,3.02
2012-11-28,3.02
2012-11-27,3.04
2012-11-26,3.02
2012-11-23,3.03
2012-11-22,3.01
2012-11-21,2.98
2012-11-20,2.99
2012-11-19,2.98
2012-11-16,2.96
2012-11-15,2.96
2012-11-14,2.97
2012-11-13,2.97
2012-11-12,2.99
2012-11-09,2.97
2012-11-08,2.96
2012-11-07,2.99
2012-11-06,2.99
2012-11-05,2.99
2012-11-03,2.97
2012-11-02,2.97
2012-11-01,2.96
2012-10-31,2.96
2012-10-30,2.97
2012-10-29,2.98
2012-10-26,2.98
2012-10-25,3
2012-10-24,3.01
2012-10-23,3.03
2012-10-22,3.04
2012-10-19,3.02
2012-10-18,3.03
2012-10-17,2.98
2012-10-16,2.95
2012-10-15,2.94
2012-10-12,2.94
2012-10-11,2.92
2012-10-10,2.91
2012-10-09,2.96
2012-10-08,2.96
2012-10-05,2.95
2012-10-04,2.95
2012-10-02,2.97
2012-09-28,3
2012-09-27,3.05
2012-09-26,3.03
2012-09-25,3.03
2012-09-24,3.04
2012-09-23,3.06
2012-09-22,3.06
2012-09-21,3.06
2012-09-20,3.07
2012-09-19,3.12
2012-09-18,3.09
2012-09-17,3.12
2012-09-14,3.07
2012-09-13,3.07
2012-09-12,3.04
2012-09-11,3
2012-09-10,3.03
2012-09-07,3.06
2012-09-06,2.99
2012-09-05,2.99
2012-09-04,3.01
2012-09-03,3
2012-08-31,3.02
2012-08-30,3.04
2012-08-29,3.03
2012-08-28,3.06
2012-08-27,3.06
2012-08-24,3.08
2012-08-23,3.12
2012-08-22,3.17
2012-08-21,3.16
2012-08-20,3.19
2012-08-17,3.19
2012-08-16,3.24
2012-08-14,3.1
2012-08-13,3.06
2012-08-10,3.04
2012-08-09,3.05
2012-08-08,3
2012-08-07,3.03
2012-08-06,3.02
2012-08-03,3.03
2012-08-02,3.1
2012-08-01,3.14
2012-07-31,3.15
2012-07-30,3.14
2012-07-27,3.12
2012-07-26,3.01
2012-07-25,3
2012-07-24,3.08
2012-07-23,3.08
2012-07-20,3.18
2012-07-19,3.17
2012-07-18,3.15
2012-07-17,3.17
2012-07-16,3.24
2012-07-13,3.26
2012-07-12,3.29
2012-07-11,3.52
2012-07-10,3.53
2012-07-09,3.52
2012-07-06,3.54
2012-07-05,3.54
2012-07-04,3.57
2012-07-03,3.59
2012-07-02,3.61
2012-06-29,3.63
2012-06-28,3.59
2012-06-27,3.61
2012-06-26,3.63
2012-06-25,3.63
2012-06-22,3.63
2012-06-21,3.66
2012-06-20,3.68
2012-06-19,3.65
2012-06-18,3.66
2012-06-15,3.63
2012-06-14,3.64
2012-06-13,3.64
2012-06-12,3.66
2012-06-11,3.66
2012-06-08,3.57
2012-06-07,3.67
2012-06-05,3.61
2012-06-04,3.56
2012-06-01,3.64
2012-05-31,3.69
2012-05-30,3.73
2012-05-29,3.74
2012-05-25,3.73
2012-05-24,3.73
2012-05-23,3.73
2012-05-22,3.74
2012-05-21,3.74
2012-05-18,3.72
2012-05-17,3.74
2012-05-16,3.75
2012-05-15,3.73
2012-05-14,3.75
2012-05-11,3.75
2012-05-10,3.79
2012-05-09,3.77
2012-05-08,3.78
2012-05-07,3.75
2012-05-04,3.79
2012-05-03,3.8
2012-05-02,3.82
2012-04-30,3.81
2012-04-27,3.84
2012-04-26,3.87
2012-04-25,3.88
2012-04-24,3.85
2012-04-23,3.85
2012-04-20,3.85
2012-04-19,3.87
2012-04-18,3.87
2012-04-17,3.86
2012-04-16,3.87
2012-04-13,3.91
2012-04-12,3.91
2012-04-10,3.91
2012-04-09,3.9
2012-04-06,3.95
2012-04-05,3.97
2012-04-04,3.97
2012-04-03,3.95
2012-04-02,3.99
2012-03-30,3.94
2012-03-29,3.99
2012-03-28,4
2012-03-27,4.03
2012-03-26,4.03
2012-03-23,4.06
2012-03-22,4.06
2012-03-21,4.04
2012-03-20,4.01
2012-03-19,4.01
2012-03-16,3.97
2012-03-15,3.95
2012-03-14,3.89
2012-03-13,3.85
2012-03-12,3.85
2012-03-09,3.88
2012-03-08,3.86
2012-03-07,3.89
2012-03-06,3.88
2012-03-05,3.87
2012-03-02,3.85
2012-02-29,3.81
2012-02-28,3.8
2012-02-27,3.82
2012-02-24,3.83
2012-02-23,3.83
2012-02-22,3.85
2012-02-21,3.85
2012-02-20,3.85
2012-02-17,3.83
2012-02-16,3.81
2012-02-15,3.83
2012-02-14,3.82
2012-02-13,3.83
2012-02-10,3.82
2012-02-09,3.81
2012-02-08,3.83
2012-02-07,3.81
2012-02-06,3.78
2012-02-03,3.76
2012-02-02,3.76
2012-02-01,3.75
2012-01-31,3.76
2012-01-30,3.77
2012-01-27,3.8
2012-01-26,3.82
2012-01-25,3.81
2012-01-20,3.82
2012-01-19,3.79
2012-01-18,3.79
2012-01-17,3.81
2012-01-16,3.79
2012-01-13,3.79
2012-01-12,3.78
2012-01-11,3.79
2012-01-10,3.79
2012-01-09,3.79
2012-01-06,3.78
2012-01-05,3.78
2012-01-04,3.79
2012-01-03,3.79
2012-01-02,3.78
2011-12-29,3.77
2011-12-28,3.85
2011-12-27,3.85
2011-12-26,3.84
2011-12-23,3.85
2011-12-22,3.83
2011-12-21,3.83
2011-12-20,3.83
2011-12-19,3.87
2011-12-16,3.79
2011-12-15,3.78
2011-12-14,3.79
2011-12-13,3.79
2011-12-12,3.81
2011-12-09,3.8
2011-12-08,3.81
2011-12-07,3.79
2011-12-06,3.79
2011-12-05,3.78
2011-12-02,3.79
2011-12-01,3.8
2011-11-30,3.77
2011-11-29,3.82
2011-11-28,3.81
2011-11-25,3.81
2011-11-24,3.76
2011-11-23,3.77
2011-11-22,3.78
2011-11-21,3.79
2011-11-18,3.81
2011-11-17,3.81
2011-11-16,3.78
2011-11-15,3.82
2011-11-14,3.84
2011-11-11,3.79
2011-11-10,3.76
2011-11-09,3.78
2011-11-08,3.79
2011-11-07,3.82
2011-11-04,3.83
2011-11-03,3.81
2011-11-02,3.83
2011-11-01,3.84
2011-10-31,3.86
2011-10-28,3.95
2011-10-27,3.92
2011-10-26,3.91
2011-10-25,3.94
2011-10-24,3.93
2011-10-21,3.93
2011-10-20,3.84
2011-10-19,3.84
2011-10-18,3.83
2011-10-17,3.84
2011-10-14,3.74
2011-10-13,3.77
2011-10-12,3.83
2011-10-11,3.85
2011-10-10,3.84
2011-10-07,3.82
2011-10-06,3.81
2011-10-05,3.78
2011-10-04,3.8
2011-09-30,3.93
2011-09-29,3.9
2011-09-28,3.89
2011-09-27,3.79
2011-09-26,3.83
2011-09-23,3.75
2011-09-22,3.82
2011-09-21,3.86
2011-09-20,3.81
2011-09-19,3.78
2011-09-16,3.68
2011-09-15,3.64
2011-09-14,3.54
2011-09-09,3.6
2011-09-08,3.66
2011-09-07,3.68
2011-09-06,3.65
2011-09-05,3.63
2011-09-02,3.78
2011-09-01,3.81
2011-08-31,3.87
2011-08-30,3.85
2011-08-29,3.88
2011-08-26,3.85
2011-08-25,3.85
2011-08-24,3.85
2011-08-23,3.89
2011-08-22,3.85
2011-08-19,3.84
2011-08-18,3.93
2011-08-17,3.93
2011-08-16,3.93
2011-08-12,3.9
2011-08-11,3.91
2011-08-10,3.97
2011-08-09,4.07
2011-08-08,4.06
2011-08-05,4.01
2011-08-04,4.11
2011-08-03,4.14
2011-08-02,4.21
2011-08-01,4.23
2011-07-29,4.19
2011-07-28,4.2
2011-07-27,4.23
2011-07-26,4.24
2011-07-25,4.18
2011-07-22,4.19
2011-07-21,4.17
2011-07-20,4.15
2011-07-19,4.13
2011-07-18,4.14
2011-07-15,4.18
2011-07-14,4.19
2011-07-13,4.18
2011-07-12,4.21
2011-07-11,4.31
2011-07-08,4.33
2011-07-07,4.29
2011-07-06,4.3
2011-07-05,4.3
2011-07-04,4.32
2011-07-01,4.32
2011-06-30,4.31
2011-06-29,4.29
2011-06-28,4.25
2011-06-27,4.24
2011-06-24,4.26
2011-06-23,4.23
2011-06-22,4.23
2011-06-21,4.25
2011-06-20,4.23
2011-06-17,4.25
2011-06-16,4.2
2011-06-15,4.28
2011-06-14,4.26
2011-06-13,4.25
2011-06-10,4.26
2011-06-09,4.19
2011-06-08,4.19
2011-06-07,4.19
2011-06-03,4.21
2011-06-02,4.2
2011-06-01,4.28
2011-05-31,4.23
2011-05-30,4.21
2011-05-27,4.23
2011-05-26,4.25
2011-05-25,4.21
2011-05-24,4.26
2011-05-23,4.27
2011-05-20,4.32
2011-05-19,4.33
2011-05-18,4.33
2011-05-17,4.34
2011-05-16,4.36
2011-05-13,4.36
2011-05-12,4.34
2011-05-11,4.41
2011-05-09,4.43
2011-05-06,4.44
2011-05-04,4.46
2011-05-03,4.47
2011-05-02,4.46
2011-04-29,4.48
2011-04-28,4.52
2011-04-27,4.53
2011-04-26,4.53
2011-04-25,4.53
2011-04-22,4.5
2011-04-21,4.49
2011-04-20,4.45
2011-04-19,4.43
2011-04-18,4.43
2011-04-15,4.49
2011-04-14,4.5
2011-04-13,4.49
2011-04-12,4.49
2011-04-11,4.52
2011-04-08,4.48
2011-04-07,4.47
2011-04-06,4.45
2011-04-05,4.44
2011-04-04,4.45
2011-04-01,4.47
2011-03-31,4.48
2011-03-30,4.5
2011-03-29,4.47
2011-03-28,4.47
2011-03-25,4.49
2011-03-24,4.45
2011-03-23,4.5
2011-03-22,4.49
2011-03-21,4.49
2011-03-18,4.46
2011-03-17,4.4
2011-03-16,4.37
2011-03-15,4.24
2011-03-14,4.36
2011-03-11,4.44
2011-03-10,4.5
2011-03-09,4.62
2011-03-08,4.68
2011-03-07,4.7
2011-03-04,4.71
2011-03-03,4.7
2011-03-02,4.68
2011-02-28,4.67
2011-02-25,4.64
2011-02-24,4.66
2011-02-23,4.7
2011-02-22,4.69
2011-02-21,4.76
2011-02-18,4.78
2011-02-17,4.81
2011-02-16,4.81
2011-02-15,4.81
2011-02-14,4.82
2011-02-11,4.81
2011-02-10,4.79
2011-02-09,4.81
2011-02-08,4.81
2011-02-07,4.79
2011-02-01,4.71
2011-01-31,4.71
2011-01-28,4.7
2011-01-27,4.71
2011-01-26,4.72
2011-01-25,4.74
2011-01-24,4.75
2011-01-21,4.7
2011-01-20,4.71
2011-01-19,4.71
2011-01-18,4.67
2011-01-17,4.68
2011-01-14,4.68
2011-01-13,4.7
2011-01-12,4.64
2011-01-11,4.71
2011-01-10,4.7
2011-01-07,4.71
2011-01-06,4.68
2011-01-05,4.63
2011-01-04,4.58
2011-01-03,4.57
2010-12-30,4.47
2010-12-29,4.52
2010-12-28,4.5
2010-12-27,4.48
2010-12-24,4.49
2010-12-23,4.47
2010-12-22,4.44
2010-12-21,4.49
2010-12-20,4.55
2010-12-17,4.57
2010-12-16,4.56
2010-12-15,4.59
2010-12-14,4.47
2010-12-13,4.43
2010-12-10,4.35
2010-12-09,4.38
2010-12-08,4.36
2010-12-07,4.31
2010-12-06,4.34
2010-12-03,4.35
2010-12-02,4.37
2010-12-01,4.35
2010-11-30,4.37
2010-11-29,4.42
2010-11-26,4.47
2010-11-25,4.43
2010-11-24,4.49
2010-11-23,4.5
2010-11-22,4.47
2010-11-19,4.47
2010-11-18,4.44
2010-11-17,4.45
2010-11-16,4.47
2010-11-15,4.57
2010-11-12,4.53
2010-11-11,4.52
2010-11-10,4.49
2010-11-09,4.57
2010-11-08,4.57
2010-11-05,4.51
2010-11-04,4.48
2010-11-03,4.43
2010-11-02,4.45
2010-11-01,4.38
2010-10-29,4.35
2010-10-28,4.28
2010-10-27,4.4
2010-10-26,4.33
2010-10-25,4.3
2010-10-22,4.19
2010-10-21,4.15
2010-10-20,4.1
2010-10-19,4.06
2010-10-18,3.97
2010-10-15,3.91
2010-10-14,3.95
2010-10-13,4.07
2010-10-12,4.08
2010-10-11,4.04
2010-10-08,3.99
2010-10-07,3.98
2010-10-06,3.99
2010-10-05,3.97
2010-10-04,4.01
2010-10-01,4.01
2010-09-30,4.12
2010-09-29,4.2
2010-09-28,0
2010-09-27,4.21
2010-09-24,4.24
2010-09-20,4.29
2010-09-17,4.25
2010-09-16,4.2
2010-09-15,4.23
2010-09-14,4.23
2010-09-13,4.24
2010-09-10,4.24
2010-09-09,4.25
2010-09-08,4.37
2010-09-07,4.44
2010-09-06,4.48
2010-09-03,4.43
2010-09-02,4.41
2010-09-01,4.4
2010-08-31,4.39
2010-08-30,4.44
2010-08-27,4.43
2010-08-26,4.47
2010-08-25,4.53
2010-08-24,4.53
2010-08-23,4.52
2010-08-20,4.53
2010-08-19,4.62
2010-08-18,4.73
2010-08-17,4.74
2010-08-16,4.74
2010-08-13,4.75
2010-08-12,4.77
2010-08-11,4.79
2010-08-10,4.85
2010-08-09,4.85
2010-08-06,4.84
2010-08-05,4.84
2010-08-04,4.81
2010-08-03,4.85
2010-08-02,4.85
2010-07-30,4.84
2010-07-29,4.84
2010-07-28,4.86
2010-07-27,4.87
2010-07-26,4.89
2010-07-23,4.88
2010-07-22,4.9
2010-07-21,4.91
2010-07-20,4.91
2010-07-19,4.91
2010-07-16,4.91
2010-07-15,4.91
2010-07-14,4.94
2010-07-13,4.94
2010-07-12,4.94
2010-07-09,4.92
2010-07-08,4.93
2010-07-07,4.93
2010-07-06,4.91
2010-07-05,4.91
2010-07-02,4.91
2010-07-01,4.91
2010-06-30,4.94
2010-06-29,4.96
2010-06-28,4.97
2010-06-25,4.99
2010-06-24,4.98
2010-06-23,4.98
2010-06-22,4.98
2010-06-21,4.97
2010-06-18,4.91
2010-06-17,4.91
2010-06-16,4.91
2010-06-15,4.91
2010-06-14,4.93
2010-06-11,4.94
2010-06-10,4.91
2010-06-09,4.89
2010-06-08,4.89
2010-06-07,4.88
2010-06-04,4.91
2010-06-03,4.89
2010-06-01,4.9
2010-05-31,4.94
2010-05-28,4.92
2010-05-27,4.93
2010-05-26,5
2010-05-25,4.93
2010-05-24,4.95
2010-05-20,5.03
2010-05-19,5.03
2010-05-18,5.03
2010-05-17,5.05
2010-05-14,4.99
2010-05-13,4.99
2010-05-12,4.96
2010-05-11,4.91
2010-05-10,4.95
2010-05-07,4.93
2010-05-06,4.91
2010-05-04,4.86
2010-05-03,4.87
2010-04-30,4.83
2010-04-29,4.82
2010-04-28,4.82
2010-04-27,4.87
2010-04-26,4.91
2010-04-23,4.92
2010-04-22,4.95
2010-04-21,4.96
2010-04-20,4.96
2010-04-19,4.94
2010-04-16,4.96
2010-04-15,4.98
2010-04-14,4.95
2010-04-13,4.95
2010-04-12,4.93
2010-04-09,4.83
2010-04-08,4.83
2010-04-07,4.88
2010-04-06,4.94
2010-04-05,4.95
2010-04-02,4.93
2010-04-01,4.92
2010-03-31,4.94
2010-03-30,5
2010-03-29,4.94
2010-03-26,4.9
2010-03-25,4.89
2010-03-24,4.93
2010-03-23,4.76
2010-03-22,4.69
2010-03-19,4.72
2010-03-18,4.73
2010-03-17,4.78
2010-03-16,4.83
2010-03-15,4.86
2010-03-12,4.84
2010-03-11,4.9
2010-03-10,5.02
2010-03-09,5.03
2010-03-08,5.03
2010-03-05,5.01
2010-03-04,5.04
2010-03-03,5.11
2010-03-02,5.13
2010-02-26,5.13
2010-02-25,5.13
2010-02-24,5.2
2010-02-23,5.29
2010-02-22,5.3
2010-02-19,5.31
2010-02-18,5.29
2010-02-17,5.3
2010-02-16,5.3
2010-02-12,5.29
2010-02-11,5.3
2010-02-10,5.36
2010-02-09,5.37
2010-02-08,5.35
2010-02-05,5.31
2010-02-04,5.36
2010-02-03,5.35
2010-02-02,5.34
2010-02-01,5.35
2010-01-29,5.34
2010-01-28,5.37
2010-01-27,5.34
2010-01-26,5.32
2010-01-25,5.34
2010-01-22,5.32
2010-01-21,5.32
2010-01-20,5.35
2010-01-19,5.37
2010-01-18,5.41
2010-01-15,5.35
2010-01-14,5.35
2010-01-13,5.33
2010-01-12,5.38
2010-01-11,5.36
2010-01-08,5.33
2010-01-07,5.3
2010-01-06,5.38
2010-01-05,5.36
2010-01-04,5.42
2009-12-29,5.4
2009-12-28,5.39
2009-12-24,5.33
2009-12-23,5.36
2009-12-22,5.37
2009-12-21,5.28
2009-12-18,5.25
2009-12-17,5.32
2009-12-16,5.3
2009-12-15,5.26
2009-12-14,5.29
2009-12-11,5.3
2009-12-10,5.36
2009-12-09,5.22
2009-12-08,5.26
2009-12-07,5.32
2009-12-04,5.26
2009-12-03,5.28
2009-12-02,5.29
2009-12-01,5.28
2009-11-30,5.24
2009-11-27,5.24
2009-11-26,5.34
2009-11-25,5.34
2009-11-24,5.38
2009-11-23,5.38
2009-11-20,5.33
2009-11-19,5.35
2009-11-18,5.4
2009-11-17,5.4
2009-11-16,5.41
2009-11-13,5.36
2009-11-12,5.4
2009-11-11,5.49
2009-11-10,5.5
2009-11-09,5.48
2009-11-06,5.49
2009-11-05,5.46
2009-11-04,5.43
2009-11-03,5.39
2009-11-02,5.38
2009-10-30,5.44
2009-10-29,5.43
2009-10-28,5.5
2009-10-27,5.57
2009-10-26,5.64
2009-10-23,5.58
2009-10-22,5.54
2009-10-21,5.52
2009-10-20,5.52
2009-10-19,5.54
2009-10-16,5.52
2009-10-15,5.43
2009-10-14,5.38
2009-10-13,5.38
2009-10-12,5.3
2009-10-09,5.26
2009-10-08,5.35
2009-10-07,5.35
2009-10-06,5.35
2009-10-05,5.28
2009-10-01,5.32
2009-09-30,5.33
2009-09-29,5.38
2009-09-28,5.35
2009-09-25,5.35
2009-09-24,5.33
2009-09-23,5.38
2009-09-22,5.4
2009-09-21,5.35
2009-09-18,5.33
2009-09-17,5.34
2009-09-16,5.38
2009-09-15,5.43
2009-09-14,5.43
2009-09-11,5.42
2009-09-10,5.48
2009-09-09,5.34
2009-09-08,5.35
2009-09-07,5.35
2009-09-04,5.32
2009-09-03,5.32
2009-09-02,5.38
2009-09-01,5.42
2009-08-31,5.47
2009-08-28,5.43
2009-08-27,5.4
2009-08-26,5.42
2009-08-25,5.46
2009-08-24,5.53
2009-08-21,5.42
2009-08-20,5.46
2009-08-19,5.42
2009-08-18,5.45
2009-08-17,5.48
2009-08-14,5.51
2009-08-13,5.47
2009-08-12,5.42
2009-08-11,5.43
2009-08-10,5.42
2009-08-07,5.39
2009-08-06,5.41
2009-08-05,5.38
2009-08-04,5.4
2009-08-03,5.37
2009-07-31,5.3
2009-07-30,5.24
2009-07-29,5.3
2009-07-28,5.28
2009-07-27,5.29
2009-07-24,5.27
2009-07-23,5.31
2009-07-22,5.32
2009-07-21,5.37
2009-07-20,5.38
2009-07-17,5.27
2009-07-16,5.16
2009-07-15,5.15
2009-07-14,5.1
2009-07-13,5.04
2009-07-10,4.98
2009-07-09,5.03
2009-07-08,5.1
2009-07-07,5.12
2009-07-06,5.08
2009-07-03,5.04
2009-07-02,5.06
2009-07-01,5.1
2009-06-30,5.18
2009-06-29,5.17
2009-06-26,5.21
2009-06-25,5.25
2009-06-24,5.23
2009-06-23,5.24
2009-06-22,5.29
2009-06-19,5.27
2009-06-18,5.24
2009-06-17,5.31
2009-06-16,5.32
2009-06-15,5.39
2009-06-12,5.39
2009-06-11,5.32
2009-06-10,5.29
2009-06-09,5.3
2009-06-08,5.28
2009-06-05,5.12
2009-06-04,5.11
2009-06-03,5.12
2009-06-02,5.23
2009-06-01,5.15
2009-05-29,5.17
2009-05-28,5.2
2009-05-27,5.1
2009-05-25,5.04
2009-05-22,5.08
2009-05-20,5.08
2009-05-19,5.1
2009-05-18,5
2009-05-15,5.02
2009-05-14,4.99
2009-05-13,5.02
2009-05-12,5.04
2009-05-11,5.14
2009-05-08,5.08
2009-05-07,5.09
2009-05-06,4.86
2009-05-04,4.82
2009-04-30,4.68
2009-04-29,4.58
2009-04-28,4.57
2009-04-27,4.74
2009-04-24,4.74
2009-04-23,4.84
2009-04-22,4.82
2009-04-21,4.81
2009-04-20,4.82
2009-04-17,4.88
2009-04-16,4.86
2009-04-15,4.88
2009-04-14,4.99
2009-04-13,5.07
2009-04-10,5.09
2009-04-09,5.09
2009-04-08,5.09
2009-04-07,5.12
2009-04-06,5.11
2009-04-03,5.05
2009-04-02,5.04
2009-04-01,5.11
2009-03-30,5.19
2009-03-27,5.04
2009-03-26,5.04
2009-03-25,4.99
2009-03-24,4.99
2009-03-23,4.94
2009-03-20,4.78
2009-03-19,4.68
2009-03-18,4.84
2009-03-17,4.86
2009-03-16,4.96
2009-03-13,4.85
2009-03-12,4.86
2009-03-11,4.9
2009-03-10,5
2009-03-09,5.08
2009-03-06,5.04
2009-03-05,5.03
2009-03-04,5.03
2009-03-03,5.08
2009-03-02,5.1
2009-02-27,5.09
2009-02-26,5.11
2009-02-25,5.2
2009-02-24,5.11
2009-02-23,5.16
2009-02-20,5.29
2009-02-19,5.26
2009-02-18,5.47
2009-02-17,5.44
2009-02-16,5.25
2009-02-13,5.17
2009-02-11,5.23
2009-02-09,5.28
2009-02-06,5.33
2009-02-05,5.22
2009-02-04,5.22
2009-02-03,5.17
2009-02-02,4.93
2009-01-30,4.65
2009-01-29,4.57
2009-01-28,4.52
2009-01-23,4.54
2009-01-22,4.47
2009-01-21,4.51
2009-01-20,4.54
2009-01-19,4.51
2009-01-16,4.57
2009-01-14,4.27
2009-01-13,4.4
2009-01-12,4.37
2009-01-09,4.32
2009-01-08,4.2
2009-01-07,4.31
2009-01-06,4.26
2009-01-05,4.22
2009-01-02,4.23
2008-12-29,4.44
2008-12-26,4.48
2008-12-24,4.49
2008-12-23,4.56
2008-12-22,4.58
2008-12-19,4.54
2008-12-18,4.7
2008-12-17,4.71
2008-12-16,4.75
2008-12-15,4.8
2008-12-12,4.84
2008-12-10,5.19
2008-12-09,5.15
2008-12-08,5.24
2008-12-05,5.22
2008-12-04,5.32
2008-12-03,5.33
2008-12-02,5.46
2008-12-01,5.71
2008-11-26,5.79
2008-11-25,5.97
2008-11-24,5.87
2008-11-21,5.89
2008-11-20,5.81
2008-11-19,5.94
2008-11-18,5.9
2008-11-17,6.02
2008-11-13,5.58
2008-11-12,5.52
2008-11-11,5.64
2008-11-10,5.46
2008-11-06,5.3
2008-11-05,5.45
2008-11-03,5.5
2008-10-31,5.52
2008-10-30,5.44
2008-10-29,5.48
2008-10-28,5.28
2008-10-27,5.07
2008-10-24,5.59
2008-10-23,5.45
2008-10-22,5.45
2008-10-21,5.49
2008-10-20,5.5
2008-10-17,5.59
2008-10-15,5.5
2008-10-14,5.52
2008-10-13,5.47
2008-10-09,5.47
2008-10-07,5.77
2008-10-06,5.93
2008-10-01,5.84
2008-09-30,5.87
2008-09-29,6.15
2008-09-26,6.09
2008-09-25,6.1
2008-09-24,6.01
2008-09-23,6.08
2008-09-22,6.02
2008-09-19,6.02
2008-09-18,6
2008-09-17,5.74
2008-09-16,5.76
2008-09-12,5.86
2008-09-11,5.9
2008-09-10,5.9
2008-09-09,5.91
2008-09-08,5.92
2008-09-05,5.94
2008-09-04,5.97
2008-09-03,6.05
2008-09-02,6.09
2008-09-01,6.08
2008-08-29,5.94
2008-08-28,5.94
2008-08-27,6
2008-08-26,6.04
2008-08-25,6.08
2008-08-22,5.95
2008-08-21,5.88
2008-08-20,5.91
2008-08-19,6.02
2008-08-18,6.02
2008-08-14,5.96
2008-08-13,5.83
2008-08-12,5.8
2008-08-11,5.78
2008-08-08,5.69
2008-08-07,5.76
2008-08-06,5.76
2008-08-05,5.85
2008-08-04,5.86
2008-08-01,5.9
2008-07-31,5.9
2008-07-30,5.87
2008-07-29,5.97
2008-07-28,5.91
2008-07-25,5.88
2008-07-24,5.87
2008-07-23,5.98
2008-07-22,5.99
2008-07-21,6.04
2008-07-18,5.93
2008-07-17,5.98
2008-07-16,6.06
2008-07-15,6.1
2008-07-14,6.11
2008-07-11,6.11
2008-07-10,6.13
2008-07-09,6.05
2008-07-08,6.11
2008-07-07,6.13
2008-07-04,6.19
2008-07-03,6.14
2008-07-02,6.04
2008-07-01,6.01
2008-06-30,5.98
2008-06-27,5.94
2008-06-26,5.9
2008-06-25,5.97
2008-06-24,5.96
2008-06-23,5.99
2008-06-20,5.83
2008-06-19,5.81
2008-06-18,5.8
2008-06-17,5.83
2008-06-16,5.87
2008-06-13,5.91
2008-06-12,5.85
2008-06-11,5.96
2008-06-10,5.98
2008-06-09,5.84
2008-06-05,5.73
2008-06-04,5.76
2008-06-03,5.74
2008-06-02,5.78
2008-05-30,5.68
2008-05-29,5.66
2008-05-28,5.59
2008-05-27,5.63
2008-05-26,5.67
2008-05-23,5.61
2008-05-22,5.59
2008-05-21,5.54
2008-05-20,5.55
2008-05-19,5.65
2008-05-16,5.48
2008-05-15,5.43
2008-05-14,5.44
2008-05-13,5.46
2008-05-09,5.41
2008-05-08,5.39
2008-05-07,5.22
2008-05-06,5.18
2008-05-02,5.16
2008-04-30,5.13
2008-04-29,5.15
2008-04-28,5.15
2008-04-25,5.11
2008-04-24,5.13
2008-04-23,5.15
2008-04-22,5.13
2008-04-21,5.16
2008-04-18,5.16
2008-04-17,5.11
2008-04-16,5.11
2008-04-15,5.14
2008-04-14,5.13
2008-04-11,5.08
2008-04-10,5.1
2008-04-08,5.19
2008-04-07,5.26
2008-04-04,5.24
2008-04-03,5.22
2008-04-02,5.27
2008-04-01,5.31
2008-03-31,5.36
2008-03-28,5.36
2008-03-27,5.35
2008-03-26,5.47
2008-03-25,5.5
2008-03-24,5.5
2008-03-21,5.4
2008-03-20,5.46
2008-03-19,5.44
2008-03-18,5.42
2008-03-17,5.48
2008-03-14,5.43
2008-03-13,5.41
2008-03-12,5.35
2008-03-11,5.35
2008-03-10,5.35
2008-03-07,5.25
2008-03-06,5.25
2008-03-05,5.19
2008-03-04,5.2
2008-03-03,5.19
2008-02-29,5.24
2008-02-28,5.27
2008-02-27,5.28
2008-02-26,5.33
2008-02-25,5.3
2008-02-22,5.29
2008-02-21,5.34
2008-02-20,5.26
2008-02-19,5.26
2008-02-18,5.22
2008-02-15,5.21
2008-02-14,5.24
2008-02-13,5.22
2008-02-12,5.29
2008-02-11,5.29
2008-02-05,5.34
2008-02-04,5.34
2008-02-01,5.24
2008-01-31,5.23
2008-01-30,5.27
2008-01-29,5.25
2008-01-28,5.25
2008-01-25,5.27
2008-01-24,5.27
2008-01-23,5.36
2008-01-22,5.4
2008-01-21,5.37
2008-01-18,5.4
2008-01-17,5.49
2008-01-16,5.44
2008-01-15,5.61
2008-01-14,5.68
2008-01-11,5.68
2008-01-10,5.93
2008-01-09,6.01
2008-01-08,5.99
2008-01-07,5.88
2008-01-04,5.84
2008-01-03,5.88
2008-01-02,5.74
2008-01-01,5.74
2007-12-28,5.74
2007-12-27,5.74
2007-12-26,5.78
2007-12-24,5.78
2007-12-21,5.78
2007-12-20,5.78
2007-12-18,5.83
2007-12-17,5.77
2007-12-14,5.83
2007-12-13,5.83
2007-12-12,5.93
2007-12-11,6.03
2007-12-10,6.03
2007-12-07,5.98
2007-12-06,5.83
2007-12-05,5.84
2007-12-04,5.72
2007-12-03,5.74
2007-11-30,5.84
2007-11-29,5.87
2007-11-28,5.78
2007-11-27,5.7
2007-11-26,5.67
2007-11-23,5.74
2007-11-22,5.72
2007-11-21,5.65
2007-11-20,5.65
2007-11-19,5.61
2007-11-16,5.49
2007-11-15,5.47
2007-11-14,5.43
2007-11-13,5.43
2007-11-12,5.42
2007-11-09,5.41
2007-11-08,5.42
2007-11-07,5.5
2007-11-06,5.52
2007-11-05,5.54
2007-11-02,5.56
2007-11-01,5.6
2007-10-31,5.57
2007-10-30,5.52
2007-10-29,5.51
2007-10-26,5.49
2007-10-25,5.49
2007-10-24,5.46
2007-10-23,5.48
2007-10-22,5.47
2007-10-19,5.56
2007-10-18,5.56
2007-10-17,5.55
2007-10-16,5.62
2007-10-15,5.64
2007-10-12,5.61
2007-10-11,5.58
2007-10-10,5.58
2007-10-09,5.58
2007-10-08,5.55
2007-10-05,5.55
2007-10-04,5.58
2007-10-02,5.61
2007-10-01,5.6
2007-09-28,5.6
2007-09-27,5.6
2007-09-21,5.58
2007-09-20,5.53
2007-09-19,5.51
2007-09-18,5.5
2007-09-17,5.5
2007-09-14,5.51
2007-09-13,5.47
2007-09-12,5.46
2007-09-11,5.47
2007-09-10,5.42
2007-09-07,5.52
2007-09-06,5.53
2007-09-05,5.55
2007-09-04,5.56
2007-09-03,5.57
2007-08-31,5.55
2007-08-30,5.52
2007-08-29,5.49
2007-08-28,5.5
2007-08-27,5.48
2007-08-24,5.47
2007-08-23,5.44
2007-08-22,5.4
2007-08-21,5.38
2007-08-20,5.38
2007-08-17,5.35
2007-08-16,5.34
2007-08-14,5.4
2007-08-13,5.36
2007-08-10,5.34
2007-08-09,5.48
2007-08-08,5.38
2007-08-07,5.38
2007-08-06,5.31
2007-08-03,5.31
2007-08-02,5.31
2007-08-01,5.31
2007-07-31,5.38
2007-07-30,5.39
2007-07-27,5.39
2007-07-26,5.45
2007-07-25,5.51
2007-07-24,5.53
2007-07-23,5.54
2007-07-20,5.56
2007-07-19,5.55
2007-07-18,5.57
2007-07-16,5.58
2007-07-13,5.59
2007-07-12,5.55
2007-07-11,5.49
2007-07-10,5.55
2007-07-09,5.55
2007-07-06,5.57
2007-07-05,5.59
2007-07-04,5.53
2007-07-03,5.54
2007-07-02,5.53
2007-06-29,5.52
2007-06-28,5.48
2007-06-27,5.54
2007-06-26,5.57
2007-06-25,5.58
2007-06-22,5.62
2007-06-21,5.66
2007-06-20,5.52
2007-06-19,5.5
2007-06-18,5.49
2007-06-15,5.49
2007-06-14,5.49
2007-06-13,5.51
2007-06-12,5.53
2007-06-11,5.45
2007-06-08,5.44
2007-06-07,5.32
2007-06-05,5.29
2007-06-04,5.31
2007-06-01,5.32
2007-05-31,5.32
2007-05-30,5.3
2007-05-29,5.3
2007-05-28,5.3
2007-05-25,5.3
2007-05-23,5.3
2007-05-22,5.26
2007-05-21,5.26
2007-05-18,5.25
2007-05-17,5.22
2007-05-16,5.19
2007-05-15,5.19
2007-05-14,5.17
2007-05-11,5.18
2007-05-10,5.18
2007-05-09,5.18
2007-05-08,5.15
2007-05-07,5.12
2007-05-04,5.09
2007-05-03,5.11
2007-05-02,5.14
2007-04-30,5.15
2007-04-27,5.13
2007-04-26,5.14
2007-04-25,5.11
2007-04-24,5.11
2007-04-23,5.14
2007-04-20,5.15
2007-04-19,5.07
2007-04-18,5.08
2007-04-17,5.1
2007-04-16,5.11
2007-04-13,5.12
2007-04-12,5.09
2007-04-11,5.08
2007-04-10,5.06
2007-04-09,5.06
2007-04-06,4.98
2007-04-05,4.98
2007-04-04,4.98
2007-04-03,4.95
2007-04-02,4.94
2007-03-30,4.93
2007-03-29,4.93
2007-03-28,4.92
2007-03-27,4.93
2007-03-26,4.94
2007-03-23,4.94
2007-03-22,4.93
2007-03-21,4.93
2007-03-20,4.94
2007-03-19,4.93
2007-03-16,4.94
2007-03-15,4.95
2007-03-14,4.95
2007-03-13,4.97
2007-03-12,4.96
2007-03-09,4.92
2007-03-08,4.92
2007-03-07,4.93
2007-03-06,4.96
2007-03-05,4.94
2007-03-02,4.99
2007-02-28,4.92
2007-02-27,4.95
2007-02-26,4.91
2007-02-23,4.95
2007-02-22,4.95
2007-02-21,4.96
2007-02-20,4.98
2007-02-16,4.95
2007-02-15,4.94
2007-02-14,5.01
2007-02-13,5
2007-02-12,5
2007-02-09,5
2007-02-08,5
2007-02-07,5.08
2007-02-06,5.09
2007-02-05,5.17
2007-02-02,5.13
2007-02-01,5.02
2007-01-31,5.04
2007-01-30,5.06
2007-01-29,5.08
2007-01-26,5.07
2007-01-25,5.08
2007-01-24,5.09
2007-01-23,5.06
2007-01-22,5.06
2007-01-19,5.06
2007-01-18,5.06
2007-01-17,5.05
2007-01-16,5.03
2007-01-15,5.04
2007-01-12,5.04
2007-01-11,4.97
2007-01-10,4.97
2007-01-09,4.96
2007-01-08,4.99
2007-01-05,5
2007-01-04,5.02
2007-01-03,5.02
2007-01-02,5.05
2006-12-28,5.05
2006-12-27,5.05
2006-12-26,4.98
2006-12-22,4.98
2006-12-21,4.98
2006-12-20,4.99
2006-12-19,4.96
2006-12-18,4.96
2006-12-15,4.95
2006-12-14,4.95
2006-12-13,4.88
2006-12-12,4.89
2006-12-11,4.92
2006-12-08,4.86
2006-12-07,4.85
2006-12-06,4.85
2006-12-05,4.88
2006-12-04,4.92
2006-12-01,4.95
2006-11-30,4.96
2006-11-29,4.98
2006-11-28,4.96
2006-11-27,4.95
2006-11-24,4.95
2006-11-23,4.95
2006-11-22,4.91
2006-11-21,4.91
2006-11-20,4.85
2006-11-17,4.88
2006-11-16,4.88
2006-11-15,4.9
2006-11-14,4.9
2006-11-13,4.83
2006-11-10,4.89
2006-11-09,4.86
2006-11-08,4.96
2006-11-07,4.93
2006-11-06,4.92
2006-11-03,4.77
2006-11-02,4.81
2006-11-01,4.87
2006-10-31,4.91
2006-10-30,4.85
2006-10-27,4.83
2006-10-26,4.83
2006-10-25,4.86
2006-10-24,4.87
2006-10-23,4.75
2006-10-20,4.74
2006-10-19,4.74
2006-10-18,4.77
2006-10-17,4.78
2006-10-16,4.8
2006-10-13,4.8
2006-10-12,4.77
2006-10-11,4.76
2006-10-10,4.71
2006-10-09,4.74
2006-10-04,4.73
2006-10-02,4.76
2006-09-29,4.72
2006-09-28,4.82
2006-09-27,4.84
2006-09-26,4.85
2006-09-25,4.85
2006-09-22,4.84
2006-09-21,4.88
2006-09-20,4.9
2006-09-19,4.95
2006-09-18,4.94
2006-09-15,4.9
2006-09-14,4.91
2006-09-13,4.89
2006-09-12,4.91
2006-09-11,4.9
2006-09-08,4.88
2006-09-07,4.89
2006-09-06,4.96
2006-09-05,4.89
2006-09-04,4.89
2006-09-01,4.91
2006-08-31,4.96
2006-08-30,4.96
2006-08-29,4.93
2006-08-28,4.91
2006-08-25,4.92
2006-08-24,4.89
2006-08-23,4.87
2006-08-22,4.9
2006-08-21,4.89
2006-08-18,4.87
2006-08-17,4.88
2006-08-16,4.95
2006-08-14,4.87
2006-08-11,4.87
2006-08-10,4.97
2006-08-09,4.96
2006-08-08,4.96
2006-08-07,5
2006-08-04,5
2006-08-03,4.98
2006-08-02,4.98
2006-08-01,4.97
2006-07-31,5.05
2006-07-28,5.08
2006-07-27,5.09
2006-07-26,5.12
2006-07-25,5.13
2006-07-24,5.12
2006-07-21,5.1
2006-07-20,5.1
2006-07-19,5.16
2006-07-18,5.15
2006-07-14,5.17
2006-07-13,5.24
2006-07-12,5.22
2006-07-11,5.22
2006-07-10,5.27
2006-07-07,5.25
2006-07-06,5.18
2006-07-05,5.18
2006-07-04,5.19
2006-07-03,5.18
2006-06-30,5.2
2006-06-29,5.28
2006-06-28,5.32
2006-06-27,5.35
2006-06-26,5.33
2006-06-23,5.35
2006-06-22,5.29
2006-06-21,5.29
2006-06-20,5.31
2006-06-19,5.29
2006-06-16,5.26
2006-06-15,5.25
2006-06-14,5.22
2006-06-13,5.19
2006-06-12,5.18
2006-06-09,5.17
2006-06-08,5.18
2006-06-07,5.18
2006-06-05,5.16
2006-06-02,5.16
2006-06-01,5.17
2006-05-30,5.15
2006-05-29,5.19
2006-05-26,5.21
2006-05-25,5.18
2006-05-24,5.2
2006-05-23,5.2
2006-05-22,5.16
2006-05-19,5.16
2006-05-18,5.2
2006-05-17,5.21
2006-05-16,5.24
2006-05-15,5.22
2006-05-12,5.17
2006-05-11,5.16
2006-05-10,5.24
2006-05-09,5.23
2006-05-08,5.22
2006-05-04,5.22
2006-05-03,5.27
2006-05-02,5.25
2006-04-28,5.24
2006-04-27,5.33
2006-04-26,5.33
2006-04-25,5.37
2006-04-24,5.38
2006-04-21,5.4
2006-04-20,5.46
2006-04-19,5.46
2006-04-18,5.54
2006-04-17,5.56
2006-04-14,5.58
2006-04-13,5.55
2006-04-12,5.51
2006-04-11,5.49
2006-04-10,5.44
2006-04-07,5.47
2006-04-06,5.45
2006-04-05,5.49
2006-04-04,5.52
2006-04-03,5.44
2006-03-31,5.41
2006-03-30,5.41
2006-03-29,5.4
2006-03-28,5.46
2006-03-27,5.49
2006-03-24,5.48
2006-03-23,5.47
2006-03-22,5.48
2006-03-21,5.47
2006-03-20,5.47
2006-03-17,5.42
2006-03-16,5.44
2006-03-15,5.37
2006-03-14,5.38
2006-03-13,5.38
2006-03-10,5.31
2006-03-09,5.41
2006-03-08,5.49
2006-03-07,5.5
2006-03-06,5.4
2006-03-03,5.34
2006-03-02,5.32
2006-02-28,5.25
2006-02-27,5.19
2006-02-24,5.18
2006-02-23,5.17
2006-02-22,5.18
2006-02-21,5.21
2006-02-20,5.23
2006-02-17,5.21
2006-02-16,5.19
2006-02-15,5.2
2006-02-14,5.24
2006-02-13,5.27
2006-02-10,5.27
2006-02-09,5.29
2006-02-08,5.41
2006-02-07,5.42
2006-02-06,5.43
2006-02-03,5.43
2006-02-02,5.37
2006-02-01,5.37
2006-01-31,5.46
2006-01-27,5.45
2006-01-26,5.44
2006-01-25,5.49
2006-01-24,5.55
2006-01-23,5.5
2006-01-20,5.51
2006-01-19,5.52
2006-01-18,5.48
2006-01-17,5.57
2006-01-16,5.55
2006-01-13,5.56
2006-01-12,5.69
2006-01-11,5.69
2006-01-10,5.69
2006-01-09,5.67
2006-01-06,5.72
2006-01-05,5.7
2006-01-04,5.64
2006-01-03,5.71
2006-01-02,5.71
2005-12-30,5.59
2005-12-29,5.59
2005-12-28,5.59
2005-12-27,5.56
2005-12-26,5.56
2005-12-23,5.55
2005-12-22,5.52
2005-12-21,5.44
2005-12-20,5.45
2005-12-19,5.45
2005-12-16,5.49
2005-12-15,5.49
2005-12-14,5.47
2005-12-13,5.6
2005-12-12,5.6
2005-12-09,5.56
2005-12-08,5.71
2005-12-07,5.82
2005-12-06,5.8
2005-12-05,5.81
2005-12-02,5.76
2005-12-01,5.71
2005-11-30,5.69
2005-11-29,5.63
2005-11-28,5.6
2005-11-25,5.63
2005-11-24,5.64
2005-11-23,5.67
2005-11-22,5.71
2005-11-21,5.76
2005-11-18,5.75
2005-11-17,5.75
2005-11-16,5.84
2005-11-15,5.82
2005-11-14,5.79
2005-11-11,5.8
2005-11-10,5.73
2005-11-09,5.71
2005-11-08,5.64
2005-11-07,5.65
2005-11-04,5.59
2005-11-03,5.57
2005-11-02,5.47
2005-11-01,5.47
2005-10-31,5.48
2005-10-28,5.5
2005-10-27,5.54
2005-10-26,5.46
2005-10-25,5.48
2005-10-24,5.42
2005-10-21,5.43
2005-10-20,5.35
2005-10-19,5.39
2005-10-18,5.45
2005-10-17,5.45
2005-10-14,5.36
2005-10-13,5.31
2005-10-12,5.21
2005-10-11,5.15
2005-10-10,5.25
2005-10-07,5.14
2005-10-06,5.2
2005-10-05,5.32
2005-10-04,5.32
2005-09-30,5.12
2005-09-29,5.12
2005-09-28,5.19
2005-09-27,5.36
2005-09-26,5.37
2005-09-23,5.32
2005-09-22,5.3
2005-09-21,5.3
2005-09-20,5.12
2005-09-16,5.3
2005-09-15,5.26
2005-09-14,5.2
2005-09-13,5.17
2005-09-12,5.18
2005-09-09,5.19
2005-09-08,5.14
2005-09-07,4.88
2005-09-06,4.8
2005-09-05,4.8
2005-09-02,4.79
2005-09-01,4.62
2005-08-31,4.62
2005-08-30,5.02
2005-08-29,4.83
2005-08-26,5.05
2005-08-25,5.11
2005-08-24,5.12
2005-08-23,5.04
2005-08-22,5.03
2005-08-19,4.99
2005-08-18,5.05
2005-08-17,5.02
2005-08-16,5.05
2005-08-12,5.11
2005-08-11,5.11
2005-08-10,5.17
2005-08-09,5.24
2005-08-08,5.2
2005-08-05,5.16
2005-08-04,5
2005-08-03,5.14
2005-08-02,5.12
2005-08-01,5.09
2005-07-29,5.02
2005-07-28,5
2005-07-27,4.8
2005-07-26,4.84
2005-07-25,4.67
2005-07-22,4.85
2005-07-21,4.97
2005-07-20,4.98
2005-07-19,5
2005-07-18,5
2005-07-15,5
2005-07-14,4.96
2005-07-13,4.92
2005-07-12,4.83
2005-07-11,4.74
2005-07-08,4.78
2005-07-07,4.76
2005-07-06,4.77
2005-07-05,4.8
2005-07-04,4.83
2005-07-01,4.66
2005-06-30,4.73
2005-06-29,4.62
2005-06-28,4.53
2005-06-27,4.56
2005-06-24,4.65
2005-06-23,4.45
2005-06-22,4.62
2005-06-21,4.55
2005-06-20,4.55
2005-06-17,4.55
2005-06-16,4.55
2005-06-15,4.58
2005-06-14,4.43
2005-06-13,4.41
2005-06-10,4.22
2005-06-09,4.18
2005-06-08,4.21
2005-06-07,4.25
2005-06-03,4.24
2005-06-02,4.24
2005-06-01,4.26
2005-05-31,4.36
2005-05-30,4.29
2005-05-27,4.27
2005-05-26,4.31
2005-05-25,4.31
2005-05-24,4.33
2005-05-23,4.37
2005-05-20,4.35
2005-05-19,4.34
2005-05-18,4.39
2005-05-17,4.42
2005-05-16,4.44
2005-05-14,4.46
2005-05-13,4.46
2005-05-12,4.55
2005-05-11,4.53
2005-05-10,4.54
2005-05-09,4.59
2005-05-07,4.49
2005-05-06,4.49
2005-05-04,4.52
2005-05-03,4.52
2005-05-02,4.57
2005-04-30,4.59
2005-04-29,4.59
2005-04-28,4.66
2005-04-27,4.64
2005-04-26,4.65
2005-04-25,4.66
2005-04-23,4.63
2005-04-22,4.63
2005-04-21,4.68
2005-04-20,4.71
2005-04-19,4.71
2005-04-18,4.7
2005-04-16,4.68
2005-04-15,4.68
2005-04-14,4.76
2005-04-13,4.75
2005-04-12,4.66
2005-04-11,4.67
2005-04-09,4.65
2005-04-08,4.65
2005-04-07,4.67
2005-04-06,4.72
2005-04-04,4.72
2005-04-02,4.72
2005-04-01,4.72
2005-03-31,4.72
2005-03-30,4.72
2005-03-29,4.77
2005-03-28,4.92
2005-03-26,4.94
2005-03-25,4.94
2005-03-24,4.86
2005-03-23,4.76
2005-03-22,4.67
2005-03-21,4.67
2005-03-19,4.66
2005-03-18,4.66
2005-03-17,4.67
2005-03-16,4.71
2005-03-15,4.69
2005-03-14,4.72
2005-03-12,4.75
2005-03-11,4.75
2005-03-10,4.82
2005-03-09,4.8
2005-03-08,4.83
2005-03-07,4.87
2005-03-05,4.85
2005-03-04,4.85
2005-03-03,4.78
2005-03-02,4.78
2005-02-28,4.76
2005-02-26,4.78
2005-02-25,4.78
2005-02-24,4.92
2005-02-23,4.81
2005-02-22,4.81
2005-02-21,4.82
2005-02-19,4.93
2005-02-18,4.93
2005-02-17,4.85
2005-02-16,4.91
2005-02-15,4.97
2005-02-14,5.09
2005-02-12,5.1
2005-02-11,5.1
2005-02-07,4.79
2005-02-05,4.86
2005-02-04,4.86
2005-02-03,4.8
2005-02-02,4.79
2005-02-01,4.8
2005-01-31,4.86
2005-01-29,4.72
2005-01-28,4.72
2005-01-27,4.63
2005-01-26,4.69
2005-01-25,4.65
2005-01-24,4.69
2005-01-22,4.64
2005-01-21,4.64
2005-01-20,4.39
2005-01-19,4.49
2005-01-18,4.5
2005-01-17,4.63
2005-01-15,4.46
2005-01-14,4.46
2005-01-13,4.2
2005-01-12,4.3
2005-01-11,4.28
2005-01-10,4.16
2005-01-08,4.14
2005-01-07,4.14
2005-01-06,4.02
2005-01-05,4
2005-01-04,3.93
2005-01-03,3.9
2004-12-31,3.81
2004-12-30,3.81
2004-12-29,3.82
2004-12-28,3.82
2004-12-27,3.81
2004-12-24,3.81
2004-12-23,3.81
2004-12-22,3.8
2004-12-21,3.81
2004-12-20,3.82
2004-12-18,3.83
2004-12-17,3.83
2004-12-16,3.81
2004-12-15,3.86
2004-12-14,3.89
2004-12-13,3.91
2004-12-11,3.86
2004-12-10,3.86
2004-12-09,3.88
2004-12-08,3.87
2004-12-07,3.9
2004-12-06,3.93
2004-12-04,3.94
2004-12-03,3.94
2004-12-02,3.92
2004-12-01,3.92
2004-11-30,3.93
2004-11-29,3.92
2004-11-27,3.91
2004-11-26,3.91
2004-11-25,3.92
2004-11-24,3.93
2004-11-23,3.93
2004-11-22,3.95
2004-11-20,3.95
2004-11-19,3.95
2004-11-18,3.97
2004-11-17,3.92
2004-11-16,3.92
2004-11-15,3.92
2004-11-13,3.88
2004-11-12,3.88
2004-11-11,3.86
2004-11-10,4.08
2004-11-09,3.98
2004-11-08,4.05
2004-11-06,4.03
2004-11-05,4.03
2004-11-04,4.02
2004-11-03,4.01
2004-11-02,3.96
2004-11-01,3.96
2004-10-30,3.95
2004-10-29,3.95
2004-10-28,3.95
2004-10-27,3.98
2004-10-26,3.98
2004-10-25,4.04
2004-10-23,4.07
2004-10-22,4.07
2004-10-21,4.09
2004-10-20,4.09
2004-10-19,4.09
2004-10-18,4.09
2004-10-16,4.05
2004-10-15,4.05
2004-10-14,4.15
2004-10-13,4.17
2004-10-12,4.18
2004-10-11,4.15
2004-10-09,4.17
2004-10-08,4.17
2004-10-07,4.07
2004-10-06,3.88
2004-10-05,3.88
2004-10-04,3.88
2004-10-02,4.05
2004-10-01,4.05
2004-09-30,4.01
2004-09-25,4.01
2004-09-24,4.01
2004-09-23,4.03
2004-09-22,4.06
2004-09-21,4.14
2004-09-20,4.14
2004-09-18,4.15
2004-09-17,4.15
2004-09-16,4.2
2004-09-15,4.2
2004-09-14,4.22
2004-09-13,4.22
2004-09-11,4.21
2004-09-10,4.21
2004-09-09,4.1
2004-09-08,4.1
2004-09-07,4.16
2004-09-06,4.16
2004-09-04,4.16
2004-09-03,4.16
2004-09-02,4.13
2004-09-01,4.16
2004-08-31,4.1
2004-08-30,4.13
2004-08-28,4.11
2004-08-27,4.11
2004-08-26,4.15
2004-08-25,4.22
2004-08-24,4.24
2004-08-23,4.2
2004-08-21,4.2
2004-08-20,4.2
2004-08-19,4.15
2004-08-18,4.19
2004-08-17,4.23
2004-08-16,4.19
2004-08-14,4.26
2004-08-13,4.26
2004-08-12,4.31
2004-08-11,4.5
2004-08-10,4.49
2004-08-09,4.56
2004-08-07,4.59
2004-08-06,4.59
2004-08-05,4.54
2004-08-04,4.54
2004-08-03,4.61
2004-08-02,4.65
2004-07-31,4.68
2004-07-30,4.68
2004-07-29,4.71
2004-07-28,4.73
2004-07-27,4.81
2004-07-26,4.86
2004-07-24,4.88
2004-07-23,4.88
2004-07-22,4.9
2004-07-21,4.91
2004-07-20,4.91
2004-07-19,4.92
2004-07-16,4.93
2004-07-15,4.93
2004-07-14,4.96
2004-07-13,4.93
2004-07-12,4.93
2004-07-10,4.93
2004-07-09,4.93
2004-07-08,4.93
2004-07-07,4.91
2004-07-06,4.89
2004-07-05,4.89
2004-07-03,4.91
2004-07-02,4.91
2004-07-01,4.91
2004-06-30,4.97
2004-06-29,5.06
2004-06-28,5.05
2004-06-26,5.07
2004-06-25,5.07
2004-06-24,5.09
2004-06-23,5.18
2004-06-22,5.16
2004-06-21,5.18
2004-06-19,5.09
2004-06-18,5.09
2004-06-17,5.05
2004-06-16,5.05
2004-06-15,5.05
2004-06-14,5.01
2004-06-12,4.94
2004-06-11,4.94
2004-06-10,4.93
2004-06-09,4.98
2004-06-08,4.87
2004-06-07,4.87
2004-06-05,4.87
2004-06-04,4.87
2004-06-03,4.87
2004-06-02,4.95
2004-06-01,4.93
2004-05-31,4.93
2004-05-29,4.99
2004-05-28,4.99
2004-05-27,5.08
2004-05-25,5.13
2004-05-24,5.15
2004-05-22,5.17
2004-05-21,5.17
2004-05-20,5.18
2004-05-19,5.18
2004-05-18,5.18
2004-05-17,5.15
2004-05-15,5.15
2004-05-14,5.15
2004-05-13,5.16
2004-05-12,5.2
2004-05-11,5.22
2004-05-10,5.22
2004-05-08,5.2
2004-05-07,5.2
2004-05-06,5.22
2004-05-04,5.22
2004-05-03,5.19
2004-04-30,5.19
2004-04-29,5.23
2004-04-28,5.23
2004-04-27,5.25
2004-04-26,5.25
2004-04-24,5.26
2004-04-23,5.26
2004-04-22,5.35
2004-04-21,5.3
2004-04-20,5.29
2004-04-19,5.3
2004-04-17,5.3
2004-04-16,5.3
2004-04-14,5.3
2004-04-13,5.24
2004-04-12,5.33
2004-04-10,5.33
2004-04-09,5.33
2004-04-08,5.33
2004-04-07,5.33
2004-04-06,5.21
2004-04-03,5.21
2004-04-02,5.21
2004-04-01,5.21
2004-03-31,5.21
2004-03-30,5.3
2004-03-29,5.28
2004-03-27,5.12
2004-03-26,5.12
2004-03-25,5.07
2004-03-24,5.1
2004-03-23,5.21
2004-03-22,5.21
2004-03-20,5.25
2004-03-19,5.25
2004-03-18,5.25
2004-03-17,5.25
2004-03-16,5.25
2004-03-15,5.19
2004-03-13,5.22
2004-03-12,5.22
2004-03-11,5.22
2004-03-10,5.29
2004-03-09,5.29
2004-03-08,5.29
2004-03-06,5.39
2004-03-05,5.39
2004-03-03,5.42
2004-03-02,5.38
2004-02-27,5.43
2004-02-26,5.43
2004-02-25,5.38
2004-02-24,5.41
2004-02-23,5.44
2004-02-20,5.4
2004-02-18,5.41
2004-02-17,5.48
2004-02-16,5.48
2004-02-13,5.38
2004-02-11,5.43
2004-02-06,5.46
2004-02-04,5.48
2004-02-03,5.47
2004-02-02,5.49
2004-01-30,5.49
2004-01-29,5.49
2004-01-28,5.47
2004-01-27,5.48
2004-01-26,5.49
2004-01-20,5.49
2004-01-19,5.49
2004-01-12,5.39
2004-01-09,5.4
2004-01-08,5.4
2004-01-05,5.35
2003-12-29,5.29
2003-12-26,5.31
2003-12-24,5.38
2003-12-23,5.37
2003-12-22,5.39
2003-12-18,5.43
2003-12-17,5.5
2003-12-16,5.43
2003-12-15,5.5
2003-12-12,5.4
2003-12-08,5.4
2003-12-05,5.55
2003-12-03,5.55
2003-12-02,5.5
2003-12-01,5.44
2003-11-27,5.31
2003-11-24,5.32
2003-11-21,5.32
2003-11-19,5.45
2003-11-18,5.45
2003-11-13,5.4
2003-11-12,5.32
2003-11-06,5.2
2003-11-05,5.2
2003-11-04,5.2
2003-10-30,5.1
2003-10-27,5.1
2003-10-24,4.98
2003-10-23,4.98
2003-10-22,4.98
2003-10-21,5
2003-10-20,4.98
2003-10-14,4.81
2003-10-13,4.76
2003-10-09,4.68
2003-10-08,4.62
2003-10-07,4.62
2003-09-25,4.66
2003-09-23,4.56
2003-09-22,4.64
2003-09-18,4.73
2003-09-17,4.8
2003-09-16,4.81
2003-09-15,4.81
2003-09-05,4.88
2003-09-04,4.88
2003-09-02,5.04
2003-09-01,5.03
2003-08-29,5.05
2003-08-27,5.2
2003-08-26,5.18
2003-08-25,5.32
2003-08-22,5.32
2003-08-20,5.34
2003-08-19,5.34
2003-08-14,5.25
2003-08-13,5.18
2003-08-12,5.18
2003-08-08,5.24
2003-08-07,5.24
2003-08-06,5.28
2003-08-05,5.36
2003-08-01,5.36
2003-07-31,5.25
2003-07-30,5.23
2003-07-29,5.22
2003-07-28,5.17
2003-07-25,5.14
2003-07-23,5.11
2003-07-22,5.15
2003-07-18,5.12
2003-07-16,5.15
2003-07-15,5
2003-07-14,4.92
2003-07-10,4.85
2003-07-09,4.75
2003-07-08,4.68
2003-07-07,4.53
2003-07-03,4.53
2003-07-02,4.58
2003-06-27,4.63
2003-06-26,4.56
2003-06-25,4.52
2003-06-20,4.34
2003-06-19,4.4
2003-06-18,4.34
2003-06-17,4.34
2003-06-16,4.34
2003-06-13,4.49
2003-06-09,4.5
2003-06-05,4.44
2003-05-30,4.54
2003-05-28,4.54
2003-05-27,4.58
2003-05-26,4.63
2003-05-23,4.6
2003-05-21,4.59
2003-05-13,4.82
2003-05-12,4.85
2003-05-09,4.86
2003-05-02,4.81
2003-04-30,4.91
2003-04-28,4.95
2003-04-25,4.96
2003-04-24,5
2003-04-23,5.02
2003-04-21,5.06
2003-04-17,5.04
2003-04-16,5.05
2003-04-14,5.05
2003-04-08,5.04
2003-04-02,5.02
2003-04-01,5.01
2003-03-31,5.01
2003-03-27,5.03
2003-03-26,5.08
2003-03-19,5
2003-03-12,5.15
2003-03-11,5
2003-02-05,5.1
2003-01-28,5.19
2003-01-24,5.4
2003-01-10,5.51
2003-01-09,5.5
2003-01-07,5.62
2003-01-03,5.59
2002-12-23,5.73
2002-12-18,5.76
2002-12-12,5.8
2002-12-10,5.84
2002-12-03,5.85
2002-12-02,5.88
2002-11-28,5.88
2002-11-27,5.77
2002-11-26,5.77
2002-11-25,5.7
2002-11-21,5.66
2002-11-20,5.65
2002-11-19,5.62
2002-11-15,5.61
2002-11-14,5.59
2002-11-13,5.6
2002-11-12,5.75
2002-11-06,5.98
2002-11-05,5.98
2002-10-31,5.97
2002-10-28,6.01
2002-10-23,6.12
2002-10-17,6.14
2002-10-16,6.14
2002-10-11,6.05
2002-10-04,6.05
2002-10-02,6.1
2002-10-01,6.08
2002-09-30,6.09
2002-09-27,6.14
2002-09-26,6.14
2002-09-25,6.11
2002-09-23,6.14
2002-09-18,6.15
2002-09-17,6.23
2002-09-10,6.1
2002-09-05,6.1
2002-08-21,6.16
2002-08-20,6.16
2002-07-29,6.33
2002-07-20,6.6
2002-07-19,6.6
2002-07-18,6.64
2002-07-12,6.63
2002-07-11,6.56
2002-07-10,6.6
2002-06-27,6.4
2002-06-26,6.54
2002-06-21,6.79
2002-06-20,6.65
2002-06-19,6.79
2002-05-24,7.05
2002-05-23,7.02
2002-05-17,7.07
2002-05-15,7.08
2002-05-08,7.13
2002-05-06,7.12
2002-04-30,7.21
2002-04-25,7.24
2002-04-24,7.27
2002-04-23,7.28
2002-04-18,7.3
2002-04-17,7.28
2002-04-10,7.33
2002-04-09,7.34
2002-04-02,7.34
2002-03-26,7.33
2002-03-25,7.31
2002-03-21,7.33
2002-03-20,7.36
2002-03-13,7.1
2002-03-12,7.06
2002-03-11,7.08
2002-03-08,7.06
2002-03-04,6.87
2002-02-21,6.95
2002-02-19,7
2002-02-06,7.02
2002-02-05,7.01
2002-02-04,7.05
2002-02-01,7.09
2002-01-31,7.12
2002-01-30,7.13
2002-01-29,7.16
2002-01-28,7.17
2002-01-25,7.16
2002-01-24,7.18
2002-01-23,7.16
2002-01-21,7.07
2002-01-03,7.11
2002-01-02,7.08
2001-12-27,6.98
2001-12-24,7.04
2001-12-11,7.1
2001-12-05,6.91
2001-12-03,6.76
2001-11-30,6.9
2001-11-29,6.9
2001-11-26,7.04
2001-11-20,7.01
2001-11-19,7
2001-11-16,7
2001-11-13,6.61
2001-11-06,6.67
2001-11-05,6.7
2001-11-01,6.81
2001-10-29,6.85
2001-10-26,6.87
2001-10-25,6.77
2001-10-24,6.65
2001-10-23,6.65
2001-10-19,6.55
2001-10-15,6.5
2001-10-12,6.7
2001-10-11,6.28
2001-10-10,6.18
2001-10-09,6.15
2001-10-08,6
2001-10-05,6.09
2001-10-04,6
2001-09-28,6.04
2001-09-27,6.1
2001-09-26,6.22
2001-09-25,6.17
2001-09-24,6.28
2001-09-22,6.26
2001-09-21,6.18
2001-09-20,6.28
2001-09-19,6.41
2001-09-17,6.15
2001-09-14,6.15
2001-09-13,6.15
2001-09-12,6.28
2001-09-11,6.35
2001-09-10,6.27
2001-09-06,6.25
2001-09-05,6.23
2001-09-04,6.12
2001-09-03,6.2
2001-08-31,6.2
2001-08-30,6.1
2001-08-29,6.1
2001-08-28,6.13
2001-08-27,6.05
2001-08-24,6.05
2001-08-23,5.89
2001-08-22,5.9
2001-08-21,5.93
2001-08-20,5.9
2001-08-17,6.1
2001-08-16,6.16
2001-08-14,6.07
2001-08-13,6.15
2001-08-10,6.28
2001-08-09,6.48
2001-08-08,6.67
2001-08-06,6.7
2001-08-03,6.7
2001-08-02,6.72
2001-08-01,6.76
2001-07-31,6.78
2001-07-30,6.75
2001-07-27,6.73
2001-07-26,6.72
2001-07-25,6.75
2001-07-24,6.78
2001-07-23,6.78
2001-07-20,6.78
2001-07-19,6.77
2001-07-18,6.9
2001-07-13,6.85
2001-07-12,6.85
2001-07-11,6.9
2001-07-10,6.24
2001-07-06,6.92
2001-07-02,6.77
2001-06-29,6.8
2001-06-28,6.77
2001-06-27,6.93
2001-06-26,6.87
2001-06-25,6.93
2001-06-22,6.99
2001-06-21,7.14
2001-06-20,7.29
2001-06-14,7.2
2001-06-11,7.28
2001-05-31,7.26
2001-05-29,7.34
2001-05-28,7.4
2001-05-25,7.5
2001-05-24,7.55
2001-05-23,7.62
2001-05-17,7.73
2001-05-16,7.85
2001-05-15,7.85
2001-05-10,7.52
2001-05-09,7.59
2001-05-08,7.65
2001-05-03,7.65
2001-04-30,7.85
2001-04-20,7.67
2001-04-19,7.5
2001-04-18,7.61
2001-04-11,7.61
2001-04-04,7.6
2001-04-03,7.7
2001-04-02,7.5
2001-03-31,7.51
2001-03-30,7.45
2001-03-28,7.15
2001-03-21,7.05
2001-03-16,6.85
2001-03-15,6.7
2001-03-14,7.1
2001-03-12,7.2
2001-03-09,7.2
2001-03-02,6.5
2001-02-28,6.85
2001-02-23,7.3
2001-02-21,6.15
2001-02-16,6.08
2001-02-15,5.95
2001-02-14,5.98
2001-02-13,6.35
2001-02-12,6.1
2001-02-09,6.2
2001-02-08,6.36
2001-02-06,6.4
2001-02-05,6.5
2001-02-02,6.5
2001-01-31,6.55
2001-01-19,6.42
2001-01-18,6.5
2001-01-17,6.6
2001-01-16,6.6
2001-01-15,6.65
2001-01-12,6.55
2001-01-11,6.65
2001-01-10,6.66
2001-01-09,6.69
2001-01-08,6.62
2001-01-05,6.7
2001-01-04,6.87
2001-01-02,7.26
2000-12-29,7.26
2000-12-27,7.305
2000-12-26,7.065
2000-12-21,7.071
2000-12-20,7.2
2000-12-18,7.15
2000-12-15,7.08
2000-12-14,7.11
2000-12-13,7.3
2000-12-12,7.27
2000-12-08,6.86
2000-12-06,6.95
2000-12-05,7.07
2000-12-04,7.08
2000-12-01,7.63
2000-11-30,7.75
2000-11-29,7.72
2000-11-28,7.73
2000-11-16,7.73
2000-11-13,7.57
2000-11-09,8
2000-11-08,8.19
2000-11-02,8.17
2000-11-01,8.15
2000-10-30,8.22
2000-10-28,8.24
2000-10-27,8.24
2000-10-26,8.3
